[{"model": "ai_staff.billingunits", "pk": 1, "fields": {"deleted_at": null, "unit": "Word", "created_at": "2021-07-19T12:38:57.271Z", "updated_at": "2021-07-19T12:38:57.271Z", "is_active": true}}, {"model": "ai_staff.billingunits", "pk": 2, "fields": {"deleted_at": null, "unit": "Char", "created_at": "2021-07-19T12:38:57.280Z", "updated_at": "2021-07-19T12:38:57.280Z", "is_active": true}}, {"model": "ai_staff.billingunits", "pk": 3, "fields": {"deleted_at": null, "unit": "Hour", "created_at": "2021-07-19T12:38:57.290Z", "updated_at": "2021-07-19T12:38:57.290Z", "is_active": true}}, {"model": "ai_staff.billingunits", "pk": 4, "fields": {"deleted_at": null, "unit": "Job", "created_at": "2021-07-19T12:38:57.299Z", "updated_at": "2021-07-19T12:38:57.299Z", "is_active": true}}]