[{"model": "ai_staff.catsoftwares", "pk": 1, "fields": {"deleted_at": null, "name": "Across", "created_at": "2021-07-19T12:40:11.497Z", "updated_at": "2021-07-19T12:40:11.497Z", "is_active": true}}, {"model": "ai_staff.catsoftwares", "pk": 2, "fields": {"deleted_at": null, "name": "Adobe Acrobat", "created_at": "2021-07-19T12:40:11.514Z", "updated_at": "2021-07-19T12:40:11.514Z", "is_active": true}}, {"model": "ai_staff.catsoftwares", "pk": 3, "fields": {"deleted_at": null, "name": "Adobe Illustrator", "created_at": "2021-07-19T12:40:11.523Z", "updated_at": "2021-07-19T12:40:11.523Z", "is_active": true}}, {"model": "ai_staff.catsoftwares", "pk": 4, "fields": {"deleted_at": null, "name": "Adobe Photoshop", "created_at": "2021-07-19T12:40:11.529Z", "updated_at": "2021-07-19T12:40:11.529Z", "is_active": true}}, {"model": "ai_staff.catsoftwares", "pk": 5, "fields": {"deleted_at": null, "name": "Alchemy", "created_at": "2021-07-19T12:40:11.538Z", "updated_at": "2021-07-19T12:40:11.538Z", "is_active": true}}, {"model": "ai_staff.catsoftwares", "pk": 6, "fields": {"deleted_at": null, "name": "AutoCAD", "created_at": "2021-07-19T12:40:11.555Z", "updated_at": "2021-07-19T12:40:11.555Z", "is_active": true}}, {"model": "ai_staff.catsoftwares", "pk": 7, "fields": {"deleted_at": null, "name": "Catalyst", "created_at": "2021-07-19T12:40:11.558Z", "updated_at": "2021-07-19T12:40:11.558Z", "is_active": true}}, {"model": "ai_staff.catsoftwares", "pk": 8, "fields": {"deleted_at": null, "name": "Crowdin", "created_at": "2021-07-19T12:40:11.567Z", "updated_at": "2021-07-19T12:40:11.567Z", "is_active": true}}, {"model": "ai_staff.catsoftwares", "pk": 9, "fields": {"deleted_at": null, "name": "DejaVu", "created_at": "2021-07-19T12:40:11.570Z", "updated_at": "2021-07-19T12:40:11.570Z", "is_active": true}}, {"model": "ai_staff.catsoftwares", "pk": 10, "fields": {"deleted_at": null, "name": "Dreamweaver", "created_at": "2021-07-19T12:40:11.573Z", "updated_at": "2021-07-19T12:40:11.574Z", "is_active": true}}, {"model": "ai_staff.catsoftwares", "pk": 11, "fields": {"deleted_at": null, "name": "Easyling", "created_at": "2021-07-19T12:40:11.584Z", "updated_at": "2021-07-19T12:40:11.584Z", "is_active": true}}, {"model": "ai_staff.catsoftwares", "pk": 12, "fields": {"deleted_at": null, "name": "FrameMaker", "created_at": "2021-07-19T12:40:11.587Z", "updated_at": "2021-07-19T12:40:11.587Z", "is_active": true}}, {"model": "ai_staff.catsoftwares", "pk": 13, "fields": {"deleted_at": null, "name": "Frontpage", "created_at": "2021-07-19T12:40:11.590Z", "updated_at": "2021-07-19T12:40:11.590Z", "is_active": true}}, {"model": "ai_staff.catsoftwares", "pk": 14, "fields": {"deleted_at": null, "name": "Fusion", "created_at": "2021-07-19T12:40:11.599Z", "updated_at": "2021-07-19T12:40:11.599Z", "is_active": true}}, {"model": "ai_staff.catsoftwares", "pk": 15, "fields": {"deleted_at": null, "name": "Helium", "created_at": "2021-07-19T12:40:11.602Z", "updated_at": "2021-07-19T12:40:11.602Z", "is_active": true}}, {"model": "ai_staff.catsoftwares", "pk": 16, "fields": {"deleted_at": null, "name": "IBM CAT tool", "created_at": "2021-07-19T12:40:11.605Z", "updated_at": "2021-07-19T12:40:11.605Z", "is_active": true}}, {"model": "ai_staff.catsoftwares", "pk": 17, "fields": {"deleted_at": null, "name": "Idiom", "created_at": "2021-07-19T12:40:11.614Z", "updated_at": "2021-07-19T12:40:11.614Z", "is_active": true}}, {"model": "ai_staff.catsoftwares", "pk": 18, "fields": {"deleted_at": null, "name": "Indesign", "created_at": "2021-07-19T12:40:11.617Z", "updated_at": "2021-07-19T12:40:11.617Z", "is_active": true}}, {"model": "ai_staff.catsoftwares", "pk": 19, "fields": {"deleted_at": null, "name": "J-CAT", "created_at": "2021-07-19T12:40:11.620Z", "updated_at": "2021-07-19T12:40:11.620Z", "is_active": true}}, {"model": "ai_staff.catsoftwares", "pk": 20, "fields": {"deleted_at": null, "name": "Lingotek", "created_at": "2021-07-19T12:40:11.629Z", "updated_at": "2021-07-19T12:40:11.629Z", "is_active": true}}, {"model": "ai_staff.catsoftwares", "pk": 21, "fields": {"deleted_at": null, "name": "Localizer", "created_at": "2021-07-19T12:40:11.632Z", "updated_at": "2021-07-19T12:40:11.632Z", "is_active": true}}, {"model": "ai_staff.catsoftwares", "pk": 22, "fields": {"deleted_at": null, "name": "ocStudio", "created_at": "2021-07-19T12:40:11.635Z", "updated_at": "2021-07-19T12:40:11.635Z", "is_active": true}}, {"model": "ai_staff.catsoftwares", "pk": 23, "fields": {"deleted_at": null, "name": "LogiTerm", "created_at": "2021-07-19T12:40:11.643Z", "updated_at": "2021-07-19T12:40:11.643Z", "is_active": true}}, {"model": "ai_staff.catsoftwares", "pk": 24, "fields": {"deleted_at": null, "name": "Lokalise", "created_at": "2021-07-19T12:40:11.646Z", "updated_at": "2021-07-19T12:40:11.646Z", "is_active": true}}, {"model": "ai_staff.catsoftwares", "pk": 25, "fields": {"deleted_at": null, "name": "LSP.expert", "created_at": "2021-07-19T12:40:11.649Z", "updated_at": "2021-07-19T12:40:11.649Z", "is_active": true}}, {"model": "ai_staff.catsoftwares", "pk": 26, "fields": {"deleted_at": null, "name": "MadCap Lingo", "created_at": "2021-07-19T12:40:11.658Z", "updated_at": "2021-07-19T12:40:11.658Z", "is_active": true}}, {"model": "ai_staff.catsoftwares", "pk": 27, "fields": {"deleted_at": null, "name": "MateCat", "created_at": "2021-07-19T12:40:11.661Z", "updated_at": "2021-07-19T12:40:11.661Z", "is_active": true}}, {"model": "ai_staff.catsoftwares", "pk": 28, "fields": {"deleted_at": null, "name": "memoQ", "created_at": "2021-07-19T12:40:11.664Z", "updated_at": "2021-07-19T12:40:11.664Z", "is_active": true}}, {"model": "ai_staff.catsoftwares", "pk": 29, "fields": {"deleted_at": null, "name": "MemSource", "created_at": "2021-07-19T12:40:11.673Z", "updated_at": "2021-07-19T12:40:11.673Z", "is_active": true}}, {"model": "ai_staff.catsoftwares", "pk": 30, "fields": {"deleted_at": null, "name": "MetaTexis", "created_at": "2021-07-19T12:40:11.676Z", "updated_at": "2021-07-19T12:40:11.676Z", "is_active": true}}, {"model": "ai_staff.catsoftwares", "pk": 31, "fields": {"deleted_at": null, "name": "Microsoft Office", "created_at": "2021-07-19T12:40:11.679Z", "updated_at": "2021-07-19T12:40:11.679Z", "is_active": true}}, {"model": "ai_staff.catsoftwares", "pk": 32, "fields": {"deleted_at": null, "name": "Multilizer", "created_at": "2021-07-19T12:40:11.696Z", "updated_at": "2021-07-19T12:40:11.696Z", "is_active": true}}, {"model": "ai_staff.catsoftwares", "pk": 33, "fields": {"deleted_at": null, "name": "OmegaT", "created_at": "2021-07-19T12:40:11.699Z", "updated_at": "2021-07-19T12:40:11.699Z", "is_active": true}}, {"model": "ai_staff.catsoftwares", "pk": 34, "fields": {"deleted_at": null, "name": "Pagemaker", "created_at": "2021-07-19T12:40:11.702Z", "updated_at": "2021-07-19T12:40:11.702Z", "is_active": true}}, {"model": "ai_staff.catsoftwares", "pk": 35, "fields": {"deleted_at": null, "name": "Pairaphrase", "created_at": "2021-07-19T12:40:11.714Z", "updated_at": "2021-07-19T12:40:11.714Z", "is_active": true}}, {"model": "ai_staff.catsoftwares", "pk": 36, "fields": {"deleted_at": null, "name": "Passolo", "created_at": "2021-07-19T12:40:11.717Z", "updated_at": "2021-07-19T12:40:11.717Z", "is_active": true}}, {"model": "ai_staff.catsoftwares", "pk": 37, "fields": {"deleted_at": null, "name": "Plunet", "created_at": "2021-07-19T12:40:11.720Z", "updated_at": "2021-07-19T12:40:11.720Z", "is_active": true}}, {"model": "ai_staff.catsoftwares", "pk": 38, "fields": {"deleted_at": null, "name": "Projetex", "created_at": "2021-07-19T12:40:11.728Z", "updated_at": "2021-07-19T12:40:11.728Z", "is_active": true}}, {"model": "ai_staff.catsoftwares", "pk": 39, "fields": {"deleted_at": null, "name": "PROMT", "created_at": "2021-07-19T12:40:11.737Z", "updated_at": "2021-07-19T12:40:11.737Z", "is_active": true}}, {"model": "ai_staff.catsoftwares", "pk": 40, "fields": {"deleted_at": null, "name": "Protemos", "created_at": "2021-07-19T12:40:11.746Z", "updated_at": "2021-07-19T12:40:11.746Z", "is_active": true}}, {"model": "ai_staff.catsoftwares", "pk": 41, "fields": {"deleted_at": null, "name": "QuaHill", "created_at": "2021-07-19T12:40:11.749Z", "updated_at": "2021-07-19T12:40:11.749Z", "is_active": true}}, {"model": "ai_staff.catsoftwares", "pk": 42, "fields": {"deleted_at": null, "name": "QuarkXPress", "created_at": "2021-07-19T12:40:11.757Z", "updated_at": "2021-07-19T12:40:11.757Z", "is_active": true}}, {"model": "ai_staff.catsoftwares", "pk": 43, "fields": {"deleted_at": null, "name": "SDL", "created_at": "2021-07-19T12:40:11.766Z", "updated_at": "2021-07-19T12:40:11.766Z", "is_active": true}}, {"model": "ai_staff.catsoftwares", "pk": 44, "fields": {"deleted_at": null, "name": "TRADOS", "created_at": "2021-07-19T12:40:11.769Z", "updated_at": "2021-07-19T12:40:11.769Z", "is_active": true}}, {"model": "ai_staff.catsoftwares", "pk": 45, "fields": {"deleted_at": null, "name": "SDLX", "created_at": "2021-07-19T12:40:11.778Z", "updated_at": "2021-07-19T12:40:11.778Z", "is_active": true}}, {"model": "ai_staff.catsoftwares", "pk": 46, "fields": {"deleted_at": null, "name": "Smartcat", "created_at": "2021-07-19T12:40:11.786Z", "updated_at": "2021-07-19T12:40:11.786Z", "is_active": true}}, {"model": "ai_staff.catsoftwares", "pk": 47, "fields": {"deleted_at": null, "name": "Smartling", "created_at": "2021-07-19T12:40:11.789Z", "updated_at": "2021-07-19T12:40:11.789Z", "is_active": true}}, {"model": "ai_staff.catsoftwares", "pk": 48, "fields": {"deleted_at": null, "name": "STAR Transit", "created_at": "2021-07-19T12:40:11.798Z", "updated_at": "2021-07-19T12:40:11.798Z", "is_active": true}}, {"model": "ai_staff.catsoftwares", "pk": 49, "fields": {"deleted_at": null, "name": "Swordfish", "created_at": "2021-07-19T12:40:11.806Z", "updated_at": "2021-07-19T12:40:11.806Z", "is_active": true}}, {"model": "ai_staff.catsoftwares", "pk": 50, "fields": {"deleted_at": null, "name": "Transifex", "created_at": "2021-07-19T12:40:11.809Z", "updated_at": "2021-07-19T12:40:11.809Z", "is_active": true}}, {"model": "ai_staff.catsoftwares", "pk": 51, "fields": {"deleted_at": null, "name": "Translate", "created_at": "2021-07-19T12:40:11.818Z", "updated_at": "2021-07-19T12:40:11.818Z", "is_active": true}}, {"model": "ai_staff.catsoftwares", "pk": 52, "fields": {"deleted_at": null, "name": "Translation Exchange", "created_at": "2021-07-19T12:40:11.826Z", "updated_at": "2021-07-19T12:40:11.826Z", "is_active": true}}, {"model": "ai_staff.catsoftwares", "pk": 53, "fields": {"deleted_at": null, "name": "Translation Workspace", "created_at": "2021-07-19T12:40:11.829Z", "updated_at": "2021-07-19T12:40:11.829Z", "is_active": true}}, {"model": "ai_staff.catsoftwares", "pk": 54, "fields": {"deleted_at": null, "name": "TranslationProjex", "created_at": "2021-07-19T12:40:11.838Z", "updated_at": "2021-07-19T12:40:11.838Z", "is_active": true}}, {"model": "ai_staff.catsoftwares", "pk": 55, "fields": {"deleted_at": null, "name": "TransSuite2000", "created_at": "2021-07-19T12:40:11.847Z", "updated_at": "2021-07-19T12:40:11.847Z", "is_active": true}}, {"model": "ai_staff.catsoftwares", "pk": 56, "fields": {"deleted_at": null, "name": "Uniscape CAT tool", "created_at": "2021-07-19T12:40:11.850Z", "updated_at": "2021-07-19T12:40:11.850Z", "is_active": true}}, {"model": "ai_staff.catsoftwares", "pk": 57, "fields": {"deleted_at": null, "name": "Wordbee", "created_at": "2021-07-19T12:40:11.859Z", "updated_at": "2021-07-19T12:40:11.859Z", "is_active": true}}, {"model": "ai_staff.catsoftwares", "pk": 58, "fields": {"deleted_at": null, "name": "Wordfast", "created_at": "2021-07-19T12:40:11.867Z", "updated_at": "2021-07-19T12:40:11.867Z", "is_active": true}}, {"model": "ai_staff.catsoftwares", "pk": 59, "fields": {"deleted_at": null, "name": "XTM", "created_at": "2021-07-19T12:40:11.870Z", "updated_at": "2021-07-19T12:40:11.870Z", "is_active": true}}, {"model": "ai_staff.catsoftwares", "pk": 60, "fields": {"deleted_at": null, "name": "test cat software1", "created_at": "2021-07-19T12:40:11.887Z", "updated_at": "2021-07-19T12:40:11.887Z", "is_active": true}}, {"model": "ai_staff.catsoftwares", "pk": 61, "fields": {"deleted_at": null, "name": "Adobe InDesign", "created_at": "2021-07-19T12:40:11.895Z", "updated_at": "2021-07-19T12:40:11.895Z", "is_active": true}}, {"model": "ai_staff.catsoftwares", "pk": 62, "fields": {"deleted_at": null, "name": "POEdit", "created_at": "2021-07-19T12:40:11.898Z", "updated_at": "2021-07-19T12:40:11.898Z", "is_active": true}}, {"model": "ai_staff.catsoftwares", "pk": 63, "fields": {"deleted_at": null, "name": "SDL Trados Studio", "created_at": "2021-07-19T12:40:11.901Z", "updated_at": "2021-07-19T12:40:11.901Z", "is_active": true}}]