[{"model": "ai_staff.contenttypes", "pk": 1, "fields": {"name": "General Business Translation", "created_at": "2021-07-19T12:41:22.376Z", "updated_at": "2021-07-19T12:41:22.376Z", "deleted_at": null, "is_active": true}}, {"model": "ai_staff.contenttypes", "pk": 2, "fields": {"name": "Software Localization: UI", "created_at": "2021-07-19T12:41:22.387Z", "updated_at": "2021-07-19T12:41:22.387Z", "deleted_at": null, "is_active": true}}, {"model": "ai_staff.contenttypes", "pk": 3, "fields": {"name": "Mobile Apps Localization", "created_at": "2021-07-19T12:41:22.396Z", "updated_at": "2021-07-19T12:41:22.396Z", "deleted_at": null, "is_active": true}}, {"model": "ai_staff.contenttypes", "pk": 4, "fields": {"name": "Digital Marketing Content", "created_at": "2021-07-19T12:41:22.403Z", "updated_at": "2021-07-19T12:41:22.403Z", "deleted_at": null, "is_active": true}}, {"model": "ai_staff.contenttypes", "pk": 5, "fields": {"name": "Business Documents", "created_at": "2021-07-19T12:41:22.413Z", "updated_at": "2021-07-19T12:41:22.413Z", "deleted_at": null, "is_active": true}}, {"model": "ai_staff.contenttypes", "pk": 6, "fields": {"name": "Technical / Domain Specific", "created_at": "2021-07-19T12:41:22.416Z", "updated_at": "2021-07-19T12:41:22.416Z", "deleted_at": null, "is_active": true}}, {"model": "ai_staff.contenttypes", "pk": 7, "fields": {"name": "Personal Communication", "created_at": "2021-07-19T12:41:22.425Z", "updated_at": "2021-07-19T12:41:22.425Z", "deleted_at": null, "is_active": true}}, {"model": "ai_staff.contenttypes", "pk": 8, "fields": {"name": "Email / Messages", "created_at": "2021-07-19T12:41:22.434Z", "updated_at": "2021-07-19T12:41:22.434Z", "deleted_at": null, "is_active": true}}, {"model": "ai_staff.contenttypes", "pk": 9, "fields": {"name": "Social Media Posts", "created_at": "2021-07-19T12:41:22.438Z", "updated_at": "2021-07-19T12:41:22.438Z", "deleted_at": null, "is_active": true}}, {"model": "ai_staff.contenttypes", "pk": 10, "fields": {"name": "Blogs  / Digital Marketing", "created_at": "2021-07-19T12:41:22.447Z", "updated_at": "2021-07-19T12:41:22.447Z", "deleted_at": null, "is_active": true}}, {"model": "ai_staff.contenttypes", "pk": 11, "fields": {"name": "UI - Apps and Websites", "created_at": "2021-07-19T12:41:22.455Z", "updated_at": "2021-07-19T12:41:22.455Z", "deleted_at": null, "is_active": true}}, {"model": "ai_staff.contenttypes", "pk": 12, "fields": {"name": "Website / Mobile Content", "created_at": "2021-07-19T12:41:22.459Z", "updated_at": "2021-07-19T12:41:22.459Z", "deleted_at": null, "is_active": true}}, {"model": "ai_staff.contenttypes", "pk": 13, "fields": {"name": "User manual", "created_at": "2021-07-19T12:41:22.468Z", "updated_at": "2021-07-19T12:41:22.468Z", "deleted_at": null, "is_active": true}}, {"model": "ai_staff.contenttypes", "pk": 14, "fields": {"name": "Customer Reviews / UGC", "created_at": "2021-07-19T12:41:22.477Z", "updated_at": "2021-07-19T12:41:22.477Z", "deleted_at": null, "is_active": true}}, {"model": "ai_staff.contenttypes", "pk": 15, "fields": {"name": "Customer Service / Support", "created_at": "2021-07-19T12:41:22.480Z", "updated_at": "2021-07-19T12:41:22.480Z", "deleted_at": null, "is_active": true}}, {"model": "ai_staff.contenttypes", "pk": 16, "fields": {"name": "Books / Ebooks", "created_at": "2021-07-19T12:41:22.489Z", "updated_at": "2021-07-19T12:41:22.489Z", "deleted_at": null, "is_active": true}}, {"model": "ai_staff.contenttypes", "pk": 17, "fields": {"name": "Press Release", "created_at": "2021-07-19T12:41:22.498Z", "updated_at": "2021-07-19T12:41:22.498Z", "deleted_at": null, "is_active": true}}, {"model": "ai_staff.contenttypes", "pk": 18, "fields": {"name": "Subtitles, VO & Dubbing", "created_at": "2021-07-19T12:41:22.501Z", "updated_at": "2021-07-19T12:41:22.501Z", "deleted_at": null, "is_active": true}}, {"model": "ai_staff.contenttypes", "pk": 19, "fields": {"name": "Games, VR and AR", "created_at": "2021-07-19T12:41:22.510Z", "updated_at": "2021-07-19T12:41:22.510Z", "deleted_at": null, "is_active": true}}, {"model": "ai_staff.contenttypes", "pk": 20, "fields": {"name": "Advertising and PR", "created_at": "2021-07-19T12:41:22.519Z", "updated_at": "2021-07-19T12:41:22.519Z", "deleted_at": null, "is_active": true}}, {"model": "ai_staff.contenttypes", "pk": 21, "fields": {"name": "Digital Advertising", "created_at": "2021-07-19T12:41:22.522Z", "updated_at": "2021-07-19T12:41:22.522Z", "deleted_at": null, "is_active": true}}, {"model": "ai_staff.contenttypes", "pk": 22, "fields": {"name": "SEO/SEM", "created_at": "2021-07-19T12:41:22.531Z", "updated_at": "2021-07-19T12:41:22.531Z", "deleted_at": null, "is_active": true}}, {"model": "ai_staff.contenttypes", "pk": 23, "fields": {"name": "CV / Personal Profiles", "created_at": "2021-07-19T12:41:22.540Z", "updated_at": "2021-07-19T12:41:22.540Z", "deleted_at": null, "is_active": true}}, {"model": "ai_staff.contenttypes", "pk": 24, "fields": {"name": "Certificates", "created_at": "2021-07-19T12:41:22.543Z", "updated_at": "2021-07-19T12:41:22.543Z", "deleted_at": null, "is_active": true}}, {"model": "ai_staff.contenttypes", "pk": 25, "fields": {"name": "Patents", "created_at": "2021-07-19T12:41:22.552Z", "updated_at": "2021-07-19T12:41:22.552Z", "deleted_at": null, "is_active": true}}, {"model": "ai_staff.contenttypes", "pk": 26, "fields": {"name": "Legal / Contractual", "created_at": "2021-07-19T12:41:22.560Z", "updated_at": "2021-07-19T12:41:22.560Z", "deleted_at": null, "is_active": true}}, {"model": "ai_staff.contenttypes", "pk": 27, "fields": {"name": "Creative, Art and Literary", "created_at": "2021-07-19T12:41:22.566Z", "updated_at": "2021-07-19T12:41:22.566Z", "deleted_at": null, "is_active": true}}, {"model": "ai_staff.contenttypes", "pk": 28, "fields": {"name": "Office Communication", "created_at": "2021-07-19T12:41:22.575Z", "updated_at": "2021-07-19T12:41:22.575Z", "deleted_at": null, "is_active": true}}, {"model": "ai_staff.contenttypes", "pk": 29, "fields": {"name": "News Media", "created_at": "2021-07-19T12:41:22.584Z", "updated_at": "2021-07-19T12:41:22.584Z", "deleted_at": null, "is_active": true}}]