[{"model": "ai_staff.countries", "pk": 1, "fields": {"deleted_at": null, "sortname": "AF", "name": "Afghanistan", "phonecode": 93, "created_at": "2021-07-19T12:43:54.978Z", "updated_at": "2021-07-19T12:43:54.978Z", "is_active": true}}, {"model": "ai_staff.countries", "pk": 2, "fields": {"deleted_at": null, "sortname": "AL", "name": "Albania", "phonecode": 355, "created_at": "2021-07-19T12:43:54.993Z", "updated_at": "2021-07-19T12:43:54.993Z", "is_active": true}}, {"model": "ai_staff.countries", "pk": 3, "fields": {"deleted_at": null, "sortname": "DZ", "name": "Algeria", "phonecode": 213, "created_at": "2021-07-19T12:43:55.002Z", "updated_at": "2021-07-19T12:43:55.002Z", "is_active": true}}, {"model": "ai_staff.countries", "pk": 4, "fields": {"deleted_at": null, "sortname": "AS", "name": "American Samoa", "phonecode": 1684, "created_at": "2021-07-19T12:43:55.008Z", "updated_at": "2021-07-19T12:43:55.008Z", "is_active": true}}, {"model": "ai_staff.countries", "pk": 5, "fields": {"deleted_at": null, "sortname": "AD", "name": "Andorra", "phonecode": 376, "created_at": "2021-07-19T12:43:55.017Z", "updated_at": "2021-07-19T12:43:55.017Z", "is_active": true}}, {"model": "ai_staff.countries", "pk": 6, "fields": {"deleted_at": null, "sortname": "AO", "name": "Angola", "phonecode": 244, "created_at": "2021-07-19T12:43:55.026Z", "updated_at": "2021-07-19T12:43:55.026Z", "is_active": true}}, {"model": "ai_staff.countries", "pk": 7, "fields": {"deleted_at": null, "sortname": "AI", "name": "Anguilla", "phonecode": 1264, "created_at": "2021-07-19T12:43:55.029Z", "updated_at": "2021-07-19T12:43:55.029Z", "is_active": true}}, {"model": "ai_staff.countries", "pk": 8, "fields": {"deleted_at": null, "sortname": "AQ", "name": "Antarctica", "phonecode": 0, "created_at": "2021-07-19T12:43:55.041Z", "updated_at": "2021-07-19T12:43:55.041Z", "is_active": true}}, {"model": "ai_staff.countries", "pk": 9, "fields": {"deleted_at": null, "sortname": "AG", "name": "Antigua And Barbuda", "phonecode": 1268, "created_at": "2021-07-19T12:43:55.050Z", "updated_at": "2021-07-19T12:43:55.050Z", "is_active": true}}, {"model": "ai_staff.countries", "pk": 10, "fields": {"deleted_at": null, "sortname": "AR", "name": "Argentina", "phonecode": 54, "created_at": "2021-07-19T12:43:55.053Z", "updated_at": "2021-07-19T12:43:55.053Z", "is_active": true}}, {"model": "ai_staff.countries", "pk": 11, "fields": {"deleted_at": null, "sortname": "AM", "name": "Armenia", "phonecode": 374, "created_at": "2021-07-19T12:43:55.062Z", "updated_at": "2021-07-19T12:43:55.062Z", "is_active": true}}, {"model": "ai_staff.countries", "pk": 12, "fields": {"deleted_at": null, "sortname": "AW", "name": "Aruba", "phonecode": 297, "created_at": "2021-07-19T12:43:55.071Z", "updated_at": "2021-07-19T12:43:55.071Z", "is_active": true}}, {"model": "ai_staff.countries", "pk": 13, "fields": {"deleted_at": null, "sortname": "AU", "name": "Australia", "phonecode": 61, "created_at": "2021-07-19T12:43:55.074Z", "updated_at": "2021-07-19T12:43:55.074Z", "is_active": true}}, {"model": "ai_staff.countries", "pk": 14, "fields": {"deleted_at": null, "sortname": "AT", "name": "Austria", "phonecode": 43, "created_at": "2021-07-19T12:43:55.083Z", "updated_at": "2021-07-19T12:43:55.083Z", "is_active": true}}, {"model": "ai_staff.countries", "pk": 15, "fields": {"deleted_at": null, "sortname": "AZ", "name": "Azerbaijan", "phonecode": 994, "created_at": "2021-07-19T12:43:55.086Z", "updated_at": "2021-07-19T12:43:55.086Z", "is_active": true}}, {"model": "ai_staff.countries", "pk": 16, "fields": {"deleted_at": null, "sortname": "BS", "name": "Bahamas The", "phonecode": 1242, "created_at": "2021-07-19T12:43:55.089Z", "updated_at": "2021-07-19T12:43:55.089Z", "is_active": true}}, {"model": "ai_staff.countries", "pk": 17, "fields": {"deleted_at": null, "sortname": "BH", "name": "Bahrain", "phonecode": 973, "created_at": "2021-07-19T12:43:55.098Z", "updated_at": "2021-07-19T12:43:55.098Z", "is_active": true}}, {"model": "ai_staff.countries", "pk": 18, "fields": {"deleted_at": null, "sortname": "BD", "name": "Bangladesh", "phonecode": 880, "created_at": "2021-07-19T12:43:55.101Z", "updated_at": "2021-07-19T12:43:55.101Z", "is_active": true}}, {"model": "ai_staff.countries", "pk": 19, "fields": {"deleted_at": null, "sortname": "BB", "name": "Barbados", "phonecode": 1246, "created_at": "2021-07-19T12:43:55.104Z", "updated_at": "2021-07-19T12:43:55.104Z", "is_active": true}}, {"model": "ai_staff.countries", "pk": 20, "fields": {"deleted_at": null, "sortname": "BY", "name": "Belarus", "phonecode": 375, "created_at": "2021-07-19T12:43:55.113Z", "updated_at": "2021-07-19T12:43:55.113Z", "is_active": true}}, {"model": "ai_staff.countries", "pk": 21, "fields": {"deleted_at": null, "sortname": "BE", "name": "Belgium", "phonecode": 32, "created_at": "2021-07-19T12:43:55.117Z", "updated_at": "2021-07-19T12:43:55.117Z", "is_active": true}}, {"model": "ai_staff.countries", "pk": 22, "fields": {"deleted_at": null, "sortname": "BZ", "name": "Belize", "phonecode": 501, "created_at": "2021-07-19T12:43:55.120Z", "updated_at": "2021-07-19T12:43:55.120Z", "is_active": true}}, {"model": "ai_staff.countries", "pk": 23, "fields": {"deleted_at": null, "sortname": "BJ", "name": "Benin", "phonecode": 229, "created_at": "2021-07-19T12:43:55.129Z", "updated_at": "2021-07-19T12:43:55.129Z", "is_active": true}}, {"model": "ai_staff.countries", "pk": 24, "fields": {"deleted_at": null, "sortname": "BM", "name": "Bermuda", "phonecode": 1441, "created_at": "2021-07-19T12:43:55.132Z", "updated_at": "2021-07-19T12:43:55.132Z", "is_active": true}}, {"model": "ai_staff.countries", "pk": 25, "fields": {"deleted_at": null, "sortname": "BT", "name": "Bhutan", "phonecode": 975, "created_at": "2021-07-19T12:43:55.136Z", "updated_at": "2021-07-19T12:43:55.136Z", "is_active": true}}, {"model": "ai_staff.countries", "pk": 26, "fields": {"deleted_at": null, "sortname": "BO", "name": "Bolivia", "phonecode": 591, "created_at": "2021-07-19T12:43:55.144Z", "updated_at": "2021-07-19T12:43:55.145Z", "is_active": true}}, {"model": "ai_staff.countries", "pk": 27, "fields": {"deleted_at": null, "sortname": "BA", "name": "Bosnia and Herzegovina", "phonecode": 387, "created_at": "2021-07-19T12:43:55.148Z", "updated_at": "2021-07-19T12:43:55.148Z", "is_active": true}}, {"model": "ai_staff.countries", "pk": 28, "fields": {"deleted_at": null, "sortname": "BW", "name": "Botswana", "phonecode": 267, "created_at": "2021-07-19T12:43:55.151Z", "updated_at": "2021-07-19T12:43:55.151Z", "is_active": true}}, {"model": "ai_staff.countries", "pk": 29, "fields": {"deleted_at": null, "sortname": "BV", "name": "Bouvet Island", "phonecode": 0, "created_at": "2021-07-19T12:43:55.160Z", "updated_at": "2021-07-19T12:43:55.160Z", "is_active": true}}, {"model": "ai_staff.countries", "pk": 30, "fields": {"deleted_at": null, "sortname": "BR", "name": "Brazil", "phonecode": 55, "created_at": "2021-07-19T12:43:55.163Z", "updated_at": "2021-07-19T12:43:55.163Z", "is_active": true}}, {"model": "ai_staff.countries", "pk": 31, "fields": {"deleted_at": null, "sortname": "IO", "name": "British Indian Ocean Territory", "phonecode": 246, "created_at": "2021-07-19T12:43:55.166Z", "updated_at": "2021-07-19T12:43:55.166Z", "is_active": true}}, {"model": "ai_staff.countries", "pk": 32, "fields": {"deleted_at": null, "sortname": "BN", "name": "Brunei", "phonecode": 673, "created_at": "2021-07-19T12:43:55.174Z", "updated_at": "2021-07-19T12:43:55.175Z", "is_active": true}}, {"model": "ai_staff.countries", "pk": 33, "fields": {"deleted_at": null, "sortname": "BG", "name": "Bulgaria", "phonecode": 359, "created_at": "2021-07-19T12:43:55.178Z", "updated_at": "2021-07-19T12:43:55.178Z", "is_active": true}}, {"model": "ai_staff.countries", "pk": 34, "fields": {"deleted_at": null, "sortname": "BF", "name": "Burkina Faso", "phonecode": 226, "created_at": "2021-07-19T12:43:55.184Z", "updated_at": "2021-07-19T12:43:55.184Z", "is_active": true}}, {"model": "ai_staff.countries", "pk": 35, "fields": {"deleted_at": null, "sortname": "BI", "name": "Burundi", "phonecode": 257, "created_at": "2021-07-19T12:43:55.193Z", "updated_at": "2021-07-19T12:43:55.193Z", "is_active": true}}, {"model": "ai_staff.countries", "pk": 36, "fields": {"deleted_at": null, "sortname": "KH", "name": "Cambodia", "phonecode": 855, "created_at": "2021-07-19T12:43:55.196Z", "updated_at": "2021-07-19T12:43:55.196Z", "is_active": true}}, {"model": "ai_staff.countries", "pk": 37, "fields": {"deleted_at": null, "sortname": "CM", "name": "Cameroon", "phonecode": 237, "created_at": "2021-07-19T12:43:55.199Z", "updated_at": "2021-07-19T12:43:55.199Z", "is_active": true}}, {"model": "ai_staff.countries", "pk": 38, "fields": {"deleted_at": null, "sortname": "CA", "name": "Canada", "phonecode": 1, "created_at": "2021-07-19T12:43:55.209Z", "updated_at": "2021-07-19T12:43:55.209Z", "is_active": true}}, {"model": "ai_staff.countries", "pk": 39, "fields": {"deleted_at": null, "sortname": "CV", "name": "Cape Verde", "phonecode": 238, "created_at": "2021-07-19T12:43:55.212Z", "updated_at": "2021-07-19T12:43:55.212Z", "is_active": true}}, {"model": "ai_staff.countries", "pk": 40, "fields": {"deleted_at": null, "sortname": "KY", "name": "Cayman Islands", "phonecode": 1345, "created_at": "2021-07-19T12:43:55.215Z", "updated_at": "2021-07-19T12:43:55.215Z", "is_active": true}}, {"model": "ai_staff.countries", "pk": 41, "fields": {"deleted_at": null, "sortname": "CF", "name": "Central African Republic", "phonecode": 236, "created_at": "2021-07-19T12:43:55.224Z", "updated_at": "2021-07-19T12:43:55.224Z", "is_active": true}}, {"model": "ai_staff.countries", "pk": 42, "fields": {"deleted_at": null, "sortname": "TD", "name": "Chad", "phonecode": 235, "created_at": "2021-07-19T12:43:55.227Z", "updated_at": "2021-07-19T12:43:55.227Z", "is_active": true}}, {"model": "ai_staff.countries", "pk": 43, "fields": {"deleted_at": null, "sortname": "CL", "name": "Chile", "phonecode": 56, "created_at": "2021-07-19T12:43:55.230Z", "updated_at": "2021-07-19T12:43:55.230Z", "is_active": true}}, {"model": "ai_staff.countries", "pk": 44, "fields": {"deleted_at": null, "sortname": "CN", "name": "China", "phonecode": 86, "created_at": "2021-07-19T12:43:55.239Z", "updated_at": "2021-07-19T12:43:55.239Z", "is_active": true}}, {"model": "ai_staff.countries", "pk": 45, "fields": {"deleted_at": null, "sortname": "CX", "name": "Christmas Island", "phonecode": 61, "created_at": "2021-07-19T12:43:55.242Z", "updated_at": "2021-07-19T12:43:55.242Z", "is_active": true}}, {"model": "ai_staff.countries", "pk": 46, "fields": {"deleted_at": null, "sortname": "CC", "name": "Cocos (Keeling) Islands", "phonecode": 672, "created_at": "2021-07-19T12:43:55.251Z", "updated_at": "2021-07-19T12:43:55.251Z", "is_active": true}}, {"model": "ai_staff.countries", "pk": 47, "fields": {"deleted_at": null, "sortname": "CO", "name": "Colombia", "phonecode": 57, "created_at": "2021-07-19T12:43:55.260Z", "updated_at": "2021-07-19T12:43:55.260Z", "is_active": true}}, {"model": "ai_staff.countries", "pk": 48, "fields": {"deleted_at": null, "sortname": "KM", "name": "Comoros", "phonecode": 269, "created_at": "2021-07-19T12:43:55.264Z", "updated_at": "2021-07-19T12:43:55.264Z", "is_active": true}}, {"model": "ai_staff.countries", "pk": 49, "fields": {"deleted_at": null, "sortname": "CG", "name": "Republic Of The Congo", "phonecode": 242, "created_at": "2021-07-19T12:43:55.267Z", "updated_at": "2021-07-19T12:43:55.267Z", "is_active": true}}, {"model": "ai_staff.countries", "pk": 50, "fields": {"deleted_at": null, "sortname": "CD", "name": "Democratic Republic Of The Congo", "phonecode": 242, "created_at": "2021-07-19T12:43:55.276Z", "updated_at": "2021-07-19T12:43:55.276Z", "is_active": true}}, {"model": "ai_staff.countries", "pk": 51, "fields": {"deleted_at": null, "sortname": "CK", "name": "Cook Islands", "phonecode": 682, "created_at": "2021-07-19T12:43:55.279Z", "updated_at": "2021-07-19T12:43:55.279Z", "is_active": true}}, {"model": "ai_staff.countries", "pk": 52, "fields": {"deleted_at": null, "sortname": "CR", "name": "Costa Rica", "phonecode": 506, "created_at": "2021-07-19T12:43:55.282Z", "updated_at": "2021-07-19T12:43:55.282Z", "is_active": true}}, {"model": "ai_staff.countries", "pk": 53, "fields": {"deleted_at": null, "sortname": "CI", "name": "Cote D'Ivoire (Ivory Coast)", "phonecode": 225, "created_at": "2021-07-19T12:43:55.291Z", "updated_at": "2021-07-19T12:43:55.291Z", "is_active": true}}, {"model": "ai_staff.countries", "pk": 54, "fields": {"deleted_at": null, "sortname": "HR", "name": "Croatia (Hrvatska)", "phonecode": 385, "created_at": "2021-07-19T12:43:55.299Z", "updated_at": "2021-07-19T12:43:55.299Z", "is_active": true}}, {"model": "ai_staff.countries", "pk": 55, "fields": {"deleted_at": null, "sortname": "CU", "name": "Cuba", "phonecode": 53, "created_at": "2021-07-19T12:43:55.303Z", "updated_at": "2021-07-19T12:43:55.303Z", "is_active": true}}, {"model": "ai_staff.countries", "pk": 56, "fields": {"deleted_at": null, "sortname": "CY", "name": "Cyprus", "phonecode": 357, "created_at": "2021-07-19T12:43:55.311Z", "updated_at": "2021-07-19T12:43:55.311Z", "is_active": true}}, {"model": "ai_staff.countries", "pk": 57, "fields": {"deleted_at": null, "sortname": "CZ", "name": "Czech Republic", "phonecode": 420, "created_at": "2021-07-19T12:43:55.320Z", "updated_at": "2021-07-19T12:43:55.320Z", "is_active": true}}, {"model": "ai_staff.countries", "pk": 58, "fields": {"deleted_at": null, "sortname": "DK", "name": "Denmark", "phonecode": 45, "created_at": "2021-07-19T12:43:55.323Z", "updated_at": "2021-07-19T12:43:55.323Z", "is_active": true}}, {"model": "ai_staff.countries", "pk": 59, "fields": {"deleted_at": null, "sortname": "DJ", "name": "Djibouti", "phonecode": 253, "created_at": "2021-07-19T12:43:55.332Z", "updated_at": "2021-07-19T12:43:55.332Z", "is_active": true}}, {"model": "ai_staff.countries", "pk": 60, "fields": {"deleted_at": null, "sortname": "DM", "name": "Dominica", "phonecode": 1767, "created_at": "2021-07-19T12:43:55.341Z", "updated_at": "2021-07-19T12:43:55.341Z", "is_active": true}}, {"model": "ai_staff.countries", "pk": 61, "fields": {"deleted_at": null, "sortname": "DO", "name": "Dominican Republic", "phonecode": 1809, "created_at": "2021-07-19T12:43:55.345Z", "updated_at": "2021-07-19T12:43:55.345Z", "is_active": true}}, {"model": "ai_staff.countries", "pk": 62, "fields": {"deleted_at": null, "sortname": "TP", "name": "East Timor", "phonecode": 670, "created_at": "2021-07-19T12:43:55.354Z", "updated_at": "2021-07-19T12:43:55.354Z", "is_active": true}}, {"model": "ai_staff.countries", "pk": 63, "fields": {"deleted_at": null, "sortname": "EC", "name": "Ecuador", "phonecode": 593, "created_at": "2021-07-19T12:43:55.362Z", "updated_at": "2021-07-19T12:43:55.362Z", "is_active": true}}, {"model": "ai_staff.countries", "pk": 64, "fields": {"deleted_at": null, "sortname": "EG", "name": "Egypt", "phonecode": 20, "created_at": "2021-07-19T12:43:55.366Z", "updated_at": "2021-07-19T12:43:55.366Z", "is_active": true}}, {"model": "ai_staff.countries", "pk": 65, "fields": {"deleted_at": null, "sortname": "SV", "name": "El Salvador", "phonecode": 503, "created_at": "2021-07-19T12:43:55.374Z", "updated_at": "2021-07-19T12:43:55.374Z", "is_active": true}}, {"model": "ai_staff.countries", "pk": 66, "fields": {"deleted_at": null, "sortname": "GQ", "name": "Equatorial Guinea", "phonecode": 240, "created_at": "2021-07-19T12:43:55.383Z", "updated_at": "2021-07-19T12:43:55.383Z", "is_active": true}}, {"model": "ai_staff.countries", "pk": 67, "fields": {"deleted_at": null, "sortname": "ER", "name": "Eritrea", "phonecode": 291, "created_at": "2021-07-19T12:43:55.386Z", "updated_at": "2021-07-19T12:43:55.386Z", "is_active": true}}, {"model": "ai_staff.countries", "pk": 68, "fields": {"deleted_at": null, "sortname": "EE", "name": "Estonia", "phonecode": 372, "created_at": "2021-07-19T12:43:55.395Z", "updated_at": "2021-07-19T12:43:55.395Z", "is_active": true}}, {"model": "ai_staff.countries", "pk": 69, "fields": {"deleted_at": null, "sortname": "ET", "name": "Ethiopia", "phonecode": 251, "created_at": "2021-07-19T12:43:55.403Z", "updated_at": "2021-07-19T12:43:55.403Z", "is_active": true}}, {"model": "ai_staff.countries", "pk": 70, "fields": {"deleted_at": null, "sortname": "XA", "name": "External Territories of Australia", "phonecode": 61, "created_at": "2021-07-19T12:43:55.406Z", "updated_at": "2021-07-19T12:43:55.406Z", "is_active": true}}, {"model": "ai_staff.countries", "pk": 71, "fields": {"deleted_at": null, "sortname": "FK", "name": "Falkland Islands", "phonecode": 500, "created_at": "2021-07-19T12:43:55.415Z", "updated_at": "2021-07-19T12:43:55.415Z", "is_active": true}}, {"model": "ai_staff.countries", "pk": 72, "fields": {"deleted_at": null, "sortname": "FO", "name": "Faroe Islands", "phonecode": 298, "created_at": "2021-07-19T12:43:55.424Z", "updated_at": "2021-07-19T12:43:55.424Z", "is_active": true}}, {"model": "ai_staff.countries", "pk": 73, "fields": {"deleted_at": null, "sortname": "FJ", "name": "Fiji Islands", "phonecode": 679, "created_at": "2021-07-19T12:43:55.427Z", "updated_at": "2021-07-19T12:43:55.427Z", "is_active": true}}, {"model": "ai_staff.countries", "pk": 74, "fields": {"deleted_at": null, "sortname": "FI", "name": "Finland", "phonecode": 358, "created_at": "2021-07-19T12:43:55.436Z", "updated_at": "2021-07-19T12:43:55.436Z", "is_active": true}}, {"model": "ai_staff.countries", "pk": 75, "fields": {"deleted_at": null, "sortname": "FR", "name": "France", "phonecode": 33, "created_at": "2021-07-19T12:43:55.444Z", "updated_at": "2021-07-19T12:43:55.444Z", "is_active": true}}, {"model": "ai_staff.countries", "pk": 76, "fields": {"deleted_at": null, "sortname": "GF", "name": "French Guiana", "phonecode": 594, "created_at": "2021-07-19T12:43:55.448Z", "updated_at": "2021-07-19T12:43:55.448Z", "is_active": true}}, {"model": "ai_staff.countries", "pk": 77, "fields": {"deleted_at": null, "sortname": "PF", "name": "French Polynesia", "phonecode": 689, "created_at": "2021-07-19T12:43:55.456Z", "updated_at": "2021-07-19T12:43:55.456Z", "is_active": true}}, {"model": "ai_staff.countries", "pk": 78, "fields": {"deleted_at": null, "sortname": "TF", "name": "French Southern Territories", "phonecode": 0, "created_at": "2021-07-19T12:43:55.465Z", "updated_at": "2021-07-19T12:43:55.465Z", "is_active": true}}, {"model": "ai_staff.countries", "pk": 79, "fields": {"deleted_at": null, "sortname": "GA", "name": "Gabon", "phonecode": 241, "created_at": "2021-07-19T12:43:55.468Z", "updated_at": "2021-07-19T12:43:55.468Z", "is_active": true}}, {"model": "ai_staff.countries", "pk": 80, "fields": {"deleted_at": null, "sortname": "GM", "name": "Gambia The", "phonecode": 220, "created_at": "2021-07-19T12:43:55.477Z", "updated_at": "2021-07-19T12:43:55.477Z", "is_active": true}}, {"model": "ai_staff.countries", "pk": 81, "fields": {"deleted_at": null, "sortname": "GE", "name": "Georgia", "phonecode": 995, "created_at": "2021-07-19T12:43:55.486Z", "updated_at": "2021-07-19T12:43:55.486Z", "is_active": true}}, {"model": "ai_staff.countries", "pk": 82, "fields": {"deleted_at": null, "sortname": "DE", "name": "Germany", "phonecode": 49, "created_at": "2021-07-19T12:43:55.489Z", "updated_at": "2021-07-19T12:43:55.489Z", "is_active": true}}, {"model": "ai_staff.countries", "pk": 83, "fields": {"deleted_at": null, "sortname": "GH", "name": "Ghana", "phonecode": 233, "created_at": "2021-07-19T12:43:55.498Z", "updated_at": "2021-07-19T12:43:55.498Z", "is_active": true}}, {"model": "ai_staff.countries", "pk": 84, "fields": {"deleted_at": null, "sortname": "GI", "name": "Gibraltar", "phonecode": 350, "created_at": "2021-07-19T12:43:55.507Z", "updated_at": "2021-07-19T12:43:55.507Z", "is_active": true}}, {"model": "ai_staff.countries", "pk": 85, "fields": {"deleted_at": null, "sortname": "GR", "name": "Greece", "phonecode": 30, "created_at": "2021-07-19T12:43:55.510Z", "updated_at": "2021-07-19T12:43:55.510Z", "is_active": true}}, {"model": "ai_staff.countries", "pk": 86, "fields": {"deleted_at": null, "sortname": "GL", "name": "Greenland", "phonecode": 299, "created_at": "2021-07-19T12:43:55.519Z", "updated_at": "2021-07-19T12:43:55.519Z", "is_active": true}}, {"model": "ai_staff.countries", "pk": 87, "fields": {"deleted_at": null, "sortname": "GD", "name": "Grenada", "phonecode": 1473, "created_at": "2021-07-19T12:43:55.528Z", "updated_at": "2021-07-19T12:43:55.528Z", "is_active": true}}, {"model": "ai_staff.countries", "pk": 88, "fields": {"deleted_at": null, "sortname": "GP", "name": "Guadeloupe", "phonecode": 590, "created_at": "2021-07-19T12:43:55.531Z", "updated_at": "2021-07-19T12:43:55.531Z", "is_active": true}}, {"model": "ai_staff.countries", "pk": 89, "fields": {"deleted_at": null, "sortname": "GU", "name": "Guam", "phonecode": 1671, "created_at": "2021-07-19T12:43:55.540Z", "updated_at": "2021-07-19T12:43:55.540Z", "is_active": true}}, {"model": "ai_staff.countries", "pk": 90, "fields": {"deleted_at": null, "sortname": "GT", "name": "Guatemala", "phonecode": 502, "created_at": "2021-07-19T12:43:55.549Z", "updated_at": "2021-07-19T12:43:55.549Z", "is_active": true}}, {"model": "ai_staff.countries", "pk": 91, "fields": {"deleted_at": null, "sortname": "XU", "name": "Guernsey and Alderney", "phonecode": 44, "created_at": "2021-07-19T12:43:55.552Z", "updated_at": "2021-07-19T12:43:55.552Z", "is_active": true}}, {"model": "ai_staff.countries", "pk": 92, "fields": {"deleted_at": null, "sortname": "GN", "name": "Guinea", "phonecode": 224, "created_at": "2021-07-19T12:43:55.561Z", "updated_at": "2021-07-19T12:43:55.561Z", "is_active": true}}, {"model": "ai_staff.countries", "pk": 93, "fields": {"deleted_at": null, "sortname": "GW", "name": "Guinea-Bissau", "phonecode": 245, "created_at": "2021-07-19T12:43:55.570Z", "updated_at": "2021-07-19T12:43:55.570Z", "is_active": true}}, {"model": "ai_staff.countries", "pk": 94, "fields": {"deleted_at": null, "sortname": "GY", "name": "Guyana", "phonecode": 592, "created_at": "2021-07-19T12:43:55.578Z", "updated_at": "2021-07-19T12:43:55.578Z", "is_active": true}}, {"model": "ai_staff.countries", "pk": 95, "fields": {"deleted_at": null, "sortname": "HT", "name": "Haiti", "phonecode": 509, "created_at": "2021-07-19T12:43:55.581Z", "updated_at": "2021-07-19T12:43:55.581Z", "is_active": true}}, {"model": "ai_staff.countries", "pk": 96, "fields": {"deleted_at": null, "sortname": "HM", "name": "Heard and McDonald Islands", "phonecode": 0, "created_at": "2021-07-19T12:43:55.591Z", "updated_at": "2021-07-19T12:43:55.591Z", "is_active": true}}, {"model": "ai_staff.countries", "pk": 97, "fields": {"deleted_at": null, "sortname": "HN", "name": "Honduras", "phonecode": 504, "created_at": "2021-07-19T12:43:55.599Z", "updated_at": "2021-07-19T12:43:55.599Z", "is_active": true}}, {"model": "ai_staff.countries", "pk": 98, "fields": {"deleted_at": null, "sortname": "HK", "name": "Hong Kong S.A.R.", "phonecode": 852, "created_at": "2021-07-19T12:43:55.603Z", "updated_at": "2021-07-19T12:43:55.603Z", "is_active": true}}, {"model": "ai_staff.countries", "pk": 99, "fields": {"deleted_at": null, "sortname": "HU", "name": "Hungary", "phonecode": 36, "created_at": "2021-07-19T12:43:55.611Z", "updated_at": "2021-07-19T12:43:55.611Z", "is_active": true}}, {"model": "ai_staff.countries", "pk": 100, "fields": {"deleted_at": null, "sortname": "IS", "name": "Iceland", "phonecode": 354, "created_at": "2021-07-19T12:43:55.620Z", "updated_at": "2021-07-19T12:43:55.620Z", "is_active": true}}, {"model": "ai_staff.countries", "pk": 101, "fields": {"deleted_at": null, "sortname": "IN", "name": "India", "phonecode": 91, "created_at": "2021-07-19T12:43:55.624Z", "updated_at": "2021-07-19T12:43:55.624Z", "is_active": true}}, {"model": "ai_staff.countries", "pk": 102, "fields": {"deleted_at": null, "sortname": "ID", "name": "Indonesia", "phonecode": 62, "created_at": "2021-07-19T12:43:55.633Z", "updated_at": "2021-07-19T12:43:55.633Z", "is_active": true}}, {"model": "ai_staff.countries", "pk": 103, "fields": {"deleted_at": null, "sortname": "IR", "name": "Iran", "phonecode": 98, "created_at": "2021-07-19T12:43:55.649Z", "updated_at": "2021-07-19T12:43:55.649Z", "is_active": true}}, {"model": "ai_staff.countries", "pk": 104, "fields": {"deleted_at": null, "sortname": "IQ", "name": "Iraq", "phonecode": 964, "created_at": "2021-07-19T12:43:55.653Z", "updated_at": "2021-07-19T12:43:55.653Z", "is_active": true}}, {"model": "ai_staff.countries", "pk": 105, "fields": {"deleted_at": null, "sortname": "IE", "name": "Ireland", "phonecode": 353, "created_at": "2021-07-19T12:43:55.662Z", "updated_at": "2021-07-19T12:43:55.662Z", "is_active": true}}, {"model": "ai_staff.countries", "pk": 106, "fields": {"deleted_at": null, "sortname": "IL", "name": "Israel", "phonecode": 972, "created_at": "2021-07-19T12:43:55.665Z", "updated_at": "2021-07-19T12:43:55.665Z", "is_active": true}}, {"model": "ai_staff.countries", "pk": 107, "fields": {"deleted_at": null, "sortname": "IT", "name": "Italy", "phonecode": 39, "created_at": "2021-07-19T12:43:55.668Z", "updated_at": "2021-07-19T12:43:55.668Z", "is_active": true}}, {"model": "ai_staff.countries", "pk": 108, "fields": {"deleted_at": null, "sortname": "JM", "name": "Jamaica", "phonecode": 1876, "created_at": "2021-07-19T12:43:55.677Z", "updated_at": "2021-07-19T12:43:55.677Z", "is_active": true}}, {"model": "ai_staff.countries", "pk": 109, "fields": {"deleted_at": null, "sortname": "JP", "name": "Japan", "phonecode": 81, "created_at": "2021-07-19T12:43:55.680Z", "updated_at": "2021-07-19T12:43:55.680Z", "is_active": true}}, {"model": "ai_staff.countries", "pk": 110, "fields": {"deleted_at": null, "sortname": "XJ", "name": "Jersey", "phonecode": 44, "created_at": "2021-07-19T12:43:55.684Z", "updated_at": "2021-07-19T12:43:55.684Z", "is_active": true}}, {"model": "ai_staff.countries", "pk": 111, "fields": {"deleted_at": null, "sortname": "JO", "name": "Jordan", "phonecode": 962, "created_at": "2021-07-19T12:43:55.693Z", "updated_at": "2021-07-19T12:43:55.693Z", "is_active": true}}, {"model": "ai_staff.countries", "pk": 112, "fields": {"deleted_at": null, "sortname": "KZ", "name": "Kazakhstan", "phonecode": 7, "created_at": "2021-07-19T12:43:55.696Z", "updated_at": "2021-07-19T12:43:55.696Z", "is_active": true}}, {"model": "ai_staff.countries", "pk": 113, "fields": {"deleted_at": null, "sortname": "KE", "name": "Kenya", "phonecode": 254, "created_at": "2021-07-19T12:43:55.699Z", "updated_at": "2021-07-19T12:43:55.699Z", "is_active": true}}, {"model": "ai_staff.countries", "pk": 114, "fields": {"deleted_at": null, "sortname": "KI", "name": "Kiribati", "phonecode": 686, "created_at": "2021-07-19T12:43:55.708Z", "updated_at": "2021-07-19T12:43:55.708Z", "is_active": true}}, {"model": "ai_staff.countries", "pk": 115, "fields": {"deleted_at": null, "sortname": "KP", "name": "Korea North", "phonecode": 850, "created_at": "2021-07-19T12:43:55.712Z", "updated_at": "2021-07-19T12:43:55.712Z", "is_active": true}}, {"model": "ai_staff.countries", "pk": 116, "fields": {"deleted_at": null, "sortname": "KR", "name": "Korea South", "phonecode": 82, "created_at": "2021-07-19T12:43:55.715Z", "updated_at": "2021-07-19T12:43:55.715Z", "is_active": true}}, {"model": "ai_staff.countries", "pk": 117, "fields": {"deleted_at": null, "sortname": "KW", "name": "Kuwait", "phonecode": 965, "created_at": "2021-07-19T12:43:55.724Z", "updated_at": "2021-07-19T12:43:55.724Z", "is_active": true}}, {"model": "ai_staff.countries", "pk": 118, "fields": {"deleted_at": null, "sortname": "KG", "name": "Kyrgyzstan", "phonecode": 996, "created_at": "2021-07-19T12:43:55.727Z", "updated_at": "2021-07-19T12:43:55.727Z", "is_active": true}}, {"model": "ai_staff.countries", "pk": 119, "fields": {"deleted_at": null, "sortname": "LA", "name": "Laos", "phonecode": 856, "created_at": "2021-07-19T12:43:55.730Z", "updated_at": "2021-07-19T12:43:55.731Z", "is_active": true}}, {"model": "ai_staff.countries", "pk": 120, "fields": {"deleted_at": null, "sortname": "LV", "name": "Latvia", "phonecode": 371, "created_at": "2021-07-19T12:43:55.739Z", "updated_at": "2021-07-19T12:43:55.739Z", "is_active": true}}, {"model": "ai_staff.countries", "pk": 121, "fields": {"deleted_at": null, "sortname": "LB", "name": "Lebanon", "phonecode": 961, "created_at": "2021-07-19T12:43:55.743Z", "updated_at": "2021-07-19T12:43:55.743Z", "is_active": true}}, {"model": "ai_staff.countries", "pk": 122, "fields": {"deleted_at": null, "sortname": "LS", "name": "Lesotho", "phonecode": 266, "created_at": "2021-07-19T12:43:55.746Z", "updated_at": "2021-07-19T12:43:55.746Z", "is_active": true}}, {"model": "ai_staff.countries", "pk": 123, "fields": {"deleted_at": null, "sortname": "LR", "name": "Liberia", "phonecode": 231, "created_at": "2021-07-19T12:43:55.755Z", "updated_at": "2021-07-19T12:43:55.755Z", "is_active": true}}, {"model": "ai_staff.countries", "pk": 124, "fields": {"deleted_at": null, "sortname": "LY", "name": "Libya", "phonecode": 218, "created_at": "2021-07-19T12:43:55.758Z", "updated_at": "2021-07-19T12:43:55.758Z", "is_active": true}}, {"model": "ai_staff.countries", "pk": 125, "fields": {"deleted_at": null, "sortname": "LI", "name": "Liechtenstein", "phonecode": 423, "created_at": "2021-07-19T12:43:55.761Z", "updated_at": "2021-07-19T12:43:55.761Z", "is_active": true}}, {"model": "ai_staff.countries", "pk": 126, "fields": {"deleted_at": null, "sortname": "LT", "name": "Lithuania", "phonecode": 370, "created_at": "2021-07-19T12:43:55.770Z", "updated_at": "2021-07-19T12:43:55.770Z", "is_active": true}}, {"model": "ai_staff.countries", "pk": 127, "fields": {"deleted_at": null, "sortname": "LU", "name": "Luxembourg", "phonecode": 352, "created_at": "2021-07-19T12:43:55.774Z", "updated_at": "2021-07-19T12:43:55.774Z", "is_active": true}}, {"model": "ai_staff.countries", "pk": 128, "fields": {"deleted_at": null, "sortname": "MO", "name": "Macau S.A.R.", "phonecode": 853, "created_at": "2021-07-19T12:43:55.777Z", "updated_at": "2021-07-19T12:43:55.777Z", "is_active": true}}, {"model": "ai_staff.countries", "pk": 129, "fields": {"deleted_at": null, "sortname": "MK", "name": "Macedonia", "phonecode": 389, "created_at": "2021-07-19T12:43:55.786Z", "updated_at": "2021-07-19T12:43:55.786Z", "is_active": true}}, {"model": "ai_staff.countries", "pk": 130, "fields": {"deleted_at": null, "sortname": "MG", "name": "Madagascar", "phonecode": 261, "created_at": "2021-07-19T12:43:55.789Z", "updated_at": "2021-07-19T12:43:55.789Z", "is_active": true}}, {"model": "ai_staff.countries", "pk": 131, "fields": {"deleted_at": null, "sortname": "MW", "name": "Malawi", "phonecode": 265, "created_at": "2021-07-19T12:43:55.792Z", "updated_at": "2021-07-19T12:43:55.792Z", "is_active": true}}, {"model": "ai_staff.countries", "pk": 132, "fields": {"deleted_at": null, "sortname": "MY", "name": "Malaysia", "phonecode": 60, "created_at": "2021-07-19T12:43:55.802Z", "updated_at": "2021-07-19T12:43:55.802Z", "is_active": true}}, {"model": "ai_staff.countries", "pk": 133, "fields": {"deleted_at": null, "sortname": "MV", "name": "Maldives", "phonecode": 960, "created_at": "2021-07-19T12:43:55.804Z", "updated_at": "2021-07-19T12:43:55.804Z", "is_active": true}}, {"model": "ai_staff.countries", "pk": 134, "fields": {"deleted_at": null, "sortname": "ML", "name": "Mali", "phonecode": 223, "created_at": "2021-07-19T12:43:55.807Z", "updated_at": "2021-07-19T12:43:55.807Z", "is_active": true}}, {"model": "ai_staff.countries", "pk": 135, "fields": {"deleted_at": null, "sortname": "MT", "name": "Malta", "phonecode": 356, "created_at": "2021-07-19T12:43:55.816Z", "updated_at": "2021-07-19T12:43:55.816Z", "is_active": true}}, {"model": "ai_staff.countries", "pk": 136, "fields": {"deleted_at": null, "sortname": "XM", "name": "Man (Isle of)", "phonecode": 44, "created_at": "2021-07-19T12:43:55.819Z", "updated_at": "2021-07-19T12:43:55.819Z", "is_active": true}}, {"model": "ai_staff.countries", "pk": 137, "fields": {"deleted_at": null, "sortname": "MH", "name": "Marshall Islands", "phonecode": 692, "created_at": "2021-07-19T12:43:55.825Z", "updated_at": "2021-07-19T12:43:55.825Z", "is_active": true}}, {"model": "ai_staff.countries", "pk": 138, "fields": {"deleted_at": null, "sortname": "MQ", "name": "Martinique", "phonecode": 596, "created_at": "2021-07-19T12:43:55.834Z", "updated_at": "2021-07-19T12:43:55.834Z", "is_active": true}}, {"model": "ai_staff.countries", "pk": 139, "fields": {"deleted_at": null, "sortname": "MR", "name": "Mauritania", "phonecode": 222, "created_at": "2021-07-19T12:43:55.837Z", "updated_at": "2021-07-19T12:43:55.837Z", "is_active": true}}, {"model": "ai_staff.countries", "pk": 140, "fields": {"deleted_at": null, "sortname": "MU", "name": "Mauritius", "phonecode": 230, "created_at": "2021-07-19T12:43:55.840Z", "updated_at": "2021-07-19T12:43:55.840Z", "is_active": true}}, {"model": "ai_staff.countries", "pk": 141, "fields": {"deleted_at": null, "sortname": "YT", "name": "Mayotte", "phonecode": 269, "created_at": "2021-07-19T12:43:55.849Z", "updated_at": "2021-07-19T12:43:55.849Z", "is_active": true}}, {"model": "ai_staff.countries", "pk": 142, "fields": {"deleted_at": null, "sortname": "MX", "name": "Mexico", "phonecode": 52, "created_at": "2021-07-19T12:43:55.852Z", "updated_at": "2021-07-19T12:43:55.852Z", "is_active": true}}, {"model": "ai_staff.countries", "pk": 143, "fields": {"deleted_at": null, "sortname": "FM", "name": "Micronesia", "phonecode": 691, "created_at": "2021-07-19T12:43:55.855Z", "updated_at": "2021-07-19T12:43:55.855Z", "is_active": true}}, {"model": "ai_staff.countries", "pk": 144, "fields": {"deleted_at": null, "sortname": "MD", "name": "Moldova", "phonecode": 373, "created_at": "2021-07-19T12:43:55.864Z", "updated_at": "2021-07-19T12:43:55.864Z", "is_active": true}}, {"model": "ai_staff.countries", "pk": 145, "fields": {"deleted_at": null, "sortname": "MC", "name": "Monaco", "phonecode": 377, "created_at": "2021-07-19T12:43:55.867Z", "updated_at": "2021-07-19T12:43:55.867Z", "is_active": true}}, {"model": "ai_staff.countries", "pk": 146, "fields": {"deleted_at": null, "sortname": "MN", "name": "Mongolia", "phonecode": 976, "created_at": "2021-07-19T12:43:55.870Z", "updated_at": "2021-07-19T12:43:55.870Z", "is_active": true}}, {"model": "ai_staff.countries", "pk": 147, "fields": {"deleted_at": null, "sortname": "MS", "name": "Montserrat", "phonecode": 1664, "created_at": "2021-07-19T12:43:55.879Z", "updated_at": "2021-07-19T12:43:55.879Z", "is_active": true}}, {"model": "ai_staff.countries", "pk": 148, "fields": {"deleted_at": null, "sortname": "MA", "name": "Morocco", "phonecode": 212, "created_at": "2021-07-19T12:43:55.882Z", "updated_at": "2021-07-19T12:43:55.882Z", "is_active": true}}, {"model": "ai_staff.countries", "pk": 149, "fields": {"deleted_at": null, "sortname": "MZ", "name": "Mozambique", "phonecode": 258, "created_at": "2021-07-19T12:43:55.886Z", "updated_at": "2021-07-19T12:43:55.886Z", "is_active": true}}, {"model": "ai_staff.countries", "pk": 150, "fields": {"deleted_at": null, "sortname": "MM", "name": "Myanmar", "phonecode": 95, "created_at": "2021-07-19T12:43:55.895Z", "updated_at": "2021-07-19T12:43:55.895Z", "is_active": true}}, {"model": "ai_staff.countries", "pk": 151, "fields": {"deleted_at": null, "sortname": "NA", "name": "Namibia", "phonecode": 264, "created_at": "2021-07-19T12:43:55.898Z", "updated_at": "2021-07-19T12:43:55.898Z", "is_active": true}}, {"model": "ai_staff.countries", "pk": 152, "fields": {"deleted_at": null, "sortname": "NR", "name": "Nauru", "phonecode": 674, "created_at": "2021-07-19T12:43:55.902Z", "updated_at": "2021-07-19T12:43:55.902Z", "is_active": true}}, {"model": "ai_staff.countries", "pk": 153, "fields": {"deleted_at": null, "sortname": "NP", "name": "Nepal", "phonecode": 977, "created_at": "2021-07-19T12:43:55.911Z", "updated_at": "2021-07-19T12:43:55.911Z", "is_active": true}}, {"model": "ai_staff.countries", "pk": 154, "fields": {"deleted_at": null, "sortname": "AN", "name": "Netherlands Antilles", "phonecode": 599, "created_at": "2021-07-19T12:43:55.915Z", "updated_at": "2021-07-19T12:43:55.915Z", "is_active": true}}, {"model": "ai_staff.countries", "pk": 155, "fields": {"deleted_at": null, "sortname": "NL", "name": "Netherlands The", "phonecode": 31, "created_at": "2021-07-19T12:43:55.918Z", "updated_at": "2021-07-19T12:43:55.918Z", "is_active": true}}, {"model": "ai_staff.countries", "pk": 156, "fields": {"deleted_at": null, "sortname": "NC", "name": "New Caledonia", "phonecode": 687, "created_at": "2021-07-19T12:43:55.927Z", "updated_at": "2021-07-19T12:43:55.927Z", "is_active": true}}, {"model": "ai_staff.countries", "pk": 157, "fields": {"deleted_at": null, "sortname": "NZ", "name": "New Zealand", "phonecode": 64, "created_at": "2021-07-19T12:43:55.930Z", "updated_at": "2021-07-19T12:43:55.930Z", "is_active": true}}, {"model": "ai_staff.countries", "pk": 158, "fields": {"deleted_at": null, "sortname": "NI", "name": "Nicaragua", "phonecode": 505, "created_at": "2021-07-19T12:43:55.933Z", "updated_at": "2021-07-19T12:43:55.933Z", "is_active": true}}, {"model": "ai_staff.countries", "pk": 159, "fields": {"deleted_at": null, "sortname": "NE", "name": "Niger", "phonecode": 227, "created_at": "2021-07-19T12:43:55.942Z", "updated_at": "2021-07-19T12:43:55.942Z", "is_active": true}}, {"model": "ai_staff.countries", "pk": 160, "fields": {"deleted_at": null, "sortname": "NG", "name": "Nigeria", "phonecode": 234, "created_at": "2021-07-19T12:43:55.945Z", "updated_at": "2021-07-19T12:43:55.945Z", "is_active": true}}, {"model": "ai_staff.countries", "pk": 161, "fields": {"deleted_at": null, "sortname": "NU", "name": "Niue", "phonecode": 683, "created_at": "2021-07-19T12:43:55.951Z", "updated_at": "2021-07-19T12:43:55.951Z", "is_active": true}}, {"model": "ai_staff.countries", "pk": 162, "fields": {"deleted_at": null, "sortname": "NF", "name": "Norfolk Island", "phonecode": 672, "created_at": "2021-07-19T12:43:55.960Z", "updated_at": "2021-07-19T12:43:55.960Z", "is_active": true}}, {"model": "ai_staff.countries", "pk": 163, "fields": {"deleted_at": null, "sortname": "MP", "name": "Northern Mariana Islands", "phonecode": 1670, "created_at": "2021-07-19T12:43:55.963Z", "updated_at": "2021-07-19T12:43:55.963Z", "is_active": true}}, {"model": "ai_staff.countries", "pk": 164, "fields": {"deleted_at": null, "sortname": "NO", "name": "Norway", "phonecode": 47, "created_at": "2021-07-19T12:43:55.966Z", "updated_at": "2021-07-19T12:43:55.966Z", "is_active": true}}, {"model": "ai_staff.countries", "pk": 165, "fields": {"deleted_at": null, "sortname": "OM", "name": "Oman", "phonecode": 968, "created_at": "2021-07-19T12:43:55.975Z", "updated_at": "2021-07-19T12:43:55.975Z", "is_active": true}}, {"model": "ai_staff.countries", "pk": 166, "fields": {"deleted_at": null, "sortname": "PK", "name": "Pakistan", "phonecode": 92, "created_at": "2021-07-19T12:43:55.979Z", "updated_at": "2021-07-19T12:43:55.979Z", "is_active": true}}, {"model": "ai_staff.countries", "pk": 167, "fields": {"deleted_at": null, "sortname": "PW", "name": "Palau", "phonecode": 680, "created_at": "2021-07-19T12:43:55.982Z", "updated_at": "2021-07-19T12:43:55.982Z", "is_active": true}}, {"model": "ai_staff.countries", "pk": 168, "fields": {"deleted_at": null, "sortname": "PS", "name": "Palestinian Territory Occupied", "phonecode": 970, "created_at": "2021-07-19T12:43:55.990Z", "updated_at": "2021-07-19T12:43:55.990Z", "is_active": true}}, {"model": "ai_staff.countries", "pk": 169, "fields": {"deleted_at": null, "sortname": "PA", "name": "Panama", "phonecode": 507, "created_at": "2021-07-19T12:43:55.993Z", "updated_at": "2021-07-19T12:43:55.993Z", "is_active": true}}, {"model": "ai_staff.countries", "pk": 170, "fields": {"deleted_at": null, "sortname": "PG", "name": "Papua new Guinea", "phonecode": 675, "created_at": "2021-07-19T12:43:55.996Z", "updated_at": "2021-07-19T12:43:55.997Z", "is_active": true}}, {"model": "ai_staff.countries", "pk": 171, "fields": {"deleted_at": null, "sortname": "PY", "name": "Paraguay", "phonecode": 595, "created_at": "2021-07-19T12:43:56.005Z", "updated_at": "2021-07-19T12:43:56.005Z", "is_active": true}}, {"model": "ai_staff.countries", "pk": 172, "fields": {"deleted_at": null, "sortname": "PE", "name": "Peru", "phonecode": 51, "created_at": "2021-07-19T12:43:56.014Z", "updated_at": "2021-07-19T12:43:56.014Z", "is_active": true}}, {"model": "ai_staff.countries", "pk": 173, "fields": {"deleted_at": null, "sortname": "PH", "name": "Philippines", "phonecode": 63, "created_at": "2021-07-19T12:43:56.017Z", "updated_at": "2021-07-19T12:43:56.017Z", "is_active": true}}, {"model": "ai_staff.countries", "pk": 174, "fields": {"deleted_at": null, "sortname": "PN", "name": "Pitcairn Island", "phonecode": 0, "created_at": "2021-07-19T12:43:56.026Z", "updated_at": "2021-07-19T12:43:56.026Z", "is_active": true}}, {"model": "ai_staff.countries", "pk": 175, "fields": {"deleted_at": null, "sortname": "PL", "name": "Poland", "phonecode": 48, "created_at": "2021-07-19T12:43:56.035Z", "updated_at": "2021-07-19T12:43:56.035Z", "is_active": true}}, {"model": "ai_staff.countries", "pk": 176, "fields": {"deleted_at": null, "sortname": "PT", "name": "Portugal", "phonecode": 351, "created_at": "2021-07-19T12:43:56.041Z", "updated_at": "2021-07-19T12:43:56.041Z", "is_active": true}}, {"model": "ai_staff.countries", "pk": 177, "fields": {"deleted_at": null, "sortname": "PR", "name": "Puerto Rico", "phonecode": 1787, "created_at": "2021-07-19T12:43:56.050Z", "updated_at": "2021-07-19T12:43:56.050Z", "is_active": true}}, {"model": "ai_staff.countries", "pk": 178, "fields": {"deleted_at": null, "sortname": "QA", "name": "Qatar", "phonecode": 974, "created_at": "2021-07-19T12:43:56.059Z", "updated_at": "2021-07-19T12:43:56.059Z", "is_active": true}}, {"model": "ai_staff.countries", "pk": 179, "fields": {"deleted_at": null, "sortname": "RE", "name": "Reunion", "phonecode": 262, "created_at": "2021-07-19T12:43:56.062Z", "updated_at": "2021-07-19T12:43:56.062Z", "is_active": true}}, {"model": "ai_staff.countries", "pk": 180, "fields": {"deleted_at": null, "sortname": "RO", "name": "Romania", "phonecode": 40, "created_at": "2021-07-19T12:43:56.071Z", "updated_at": "2021-07-19T12:43:56.071Z", "is_active": true}}, {"model": "ai_staff.countries", "pk": 181, "fields": {"deleted_at": null, "sortname": "RU", "name": "Russia", "phonecode": 70, "created_at": "2021-07-19T12:43:56.080Z", "updated_at": "2021-07-19T12:43:56.080Z", "is_active": true}}, {"model": "ai_staff.countries", "pk": 182, "fields": {"deleted_at": null, "sortname": "RW", "name": "Rwanda", "phonecode": 250, "created_at": "2021-07-19T12:43:56.091Z", "updated_at": "2021-07-19T12:43:56.091Z", "is_active": true}}, {"model": "ai_staff.countries", "pk": 183, "fields": {"deleted_at": null, "sortname": "SH", "name": "Saint Helena", "phonecode": 290, "created_at": "2021-07-19T12:43:56.101Z", "updated_at": "2021-07-19T12:43:56.101Z", "is_active": true}}, {"model": "ai_staff.countries", "pk": 184, "fields": {"deleted_at": null, "sortname": "KN", "name": "Saint Kitts And Nevis", "phonecode": 1869, "created_at": "2021-07-19T12:43:56.110Z", "updated_at": "2021-07-19T12:43:56.110Z", "is_active": true}}, {"model": "ai_staff.countries", "pk": 185, "fields": {"deleted_at": null, "sortname": "LC", "name": "Saint Lucia", "phonecode": 1758, "created_at": "2021-07-19T12:43:56.114Z", "updated_at": "2021-07-19T12:43:56.114Z", "is_active": true}}, {"model": "ai_staff.countries", "pk": 186, "fields": {"deleted_at": null, "sortname": "PM", "name": "Saint Pierre and Miquelon", "phonecode": 508, "created_at": "2021-07-19T12:43:56.122Z", "updated_at": "2021-07-19T12:43:56.122Z", "is_active": true}}, {"model": "ai_staff.countries", "pk": 187, "fields": {"deleted_at": null, "sortname": "VC", "name": "Saint Vincent And The Grenadines", "phonecode": 1784, "created_at": "2021-07-19T12:43:56.131Z", "updated_at": "2021-07-19T12:43:56.131Z", "is_active": true}}, {"model": "ai_staff.countries", "pk": 188, "fields": {"deleted_at": null, "sortname": "WS", "name": "Samoa", "phonecode": 684, "created_at": "2021-07-19T12:43:56.141Z", "updated_at": "2021-07-19T12:43:56.141Z", "is_active": true}}, {"model": "ai_staff.countries", "pk": 189, "fields": {"deleted_at": null, "sortname": "SM", "name": "San Marino", "phonecode": 378, "created_at": "2021-07-19T12:43:56.149Z", "updated_at": "2021-07-19T12:43:56.149Z", "is_active": true}}, {"model": "ai_staff.countries", "pk": 190, "fields": {"deleted_at": null, "sortname": "ST", "name": "Sao Tome and Principe", "phonecode": 239, "created_at": "2021-07-19T12:43:56.158Z", "updated_at": "2021-07-19T12:43:56.158Z", "is_active": true}}, {"model": "ai_staff.countries", "pk": 191, "fields": {"deleted_at": null, "sortname": "SA", "name": "Saudi Arabia", "phonecode": 966, "created_at": "2021-07-19T12:43:56.161Z", "updated_at": "2021-07-19T12:43:56.161Z", "is_active": true}}, {"model": "ai_staff.countries", "pk": 192, "fields": {"deleted_at": null, "sortname": "SN", "name": "Senegal", "phonecode": 221, "created_at": "2021-07-19T12:43:56.170Z", "updated_at": "2021-07-19T12:43:56.170Z", "is_active": true}}, {"model": "ai_staff.countries", "pk": 193, "fields": {"deleted_at": null, "sortname": "RS", "name": "Serbia", "phonecode": 381, "created_at": "2021-07-19T12:43:56.178Z", "updated_at": "2021-07-19T12:43:56.178Z", "is_active": true}}, {"model": "ai_staff.countries", "pk": 194, "fields": {"deleted_at": null, "sortname": "SC", "name": "Seychelles", "phonecode": 248, "created_at": "2021-07-19T12:43:56.181Z", "updated_at": "2021-07-19T12:43:56.181Z", "is_active": true}}, {"model": "ai_staff.countries", "pk": 195, "fields": {"deleted_at": null, "sortname": "SL", "name": "Sierra Leone", "phonecode": 232, "created_at": "2021-07-19T12:43:56.190Z", "updated_at": "2021-07-19T12:43:56.190Z", "is_active": true}}, {"model": "ai_staff.countries", "pk": 196, "fields": {"deleted_at": null, "sortname": "SG", "name": "Singapore", "phonecode": 65, "created_at": "2021-07-19T12:43:56.198Z", "updated_at": "2021-07-19T12:43:56.198Z", "is_active": true}}, {"model": "ai_staff.countries", "pk": 197, "fields": {"deleted_at": null, "sortname": "SK", "name": "Slovakia", "phonecode": 421, "created_at": "2021-07-19T12:43:56.201Z", "updated_at": "2021-07-19T12:43:56.201Z", "is_active": true}}, {"model": "ai_staff.countries", "pk": 198, "fields": {"deleted_at": null, "sortname": "SI", "name": "Slovenia", "phonecode": 386, "created_at": "2021-07-19T12:43:56.210Z", "updated_at": "2021-07-19T12:43:56.210Z", "is_active": true}}, {"model": "ai_staff.countries", "pk": 199, "fields": {"deleted_at": null, "sortname": "XG", "name": "Smaller Territories of the UK", "phonecode": 44, "created_at": "2021-07-19T12:43:56.218Z", "updated_at": "2021-07-19T12:43:56.218Z", "is_active": true}}, {"model": "ai_staff.countries", "pk": 200, "fields": {"deleted_at": null, "sortname": "SB", "name": "Solomon Islands", "phonecode": 677, "created_at": "2021-07-19T12:43:56.222Z", "updated_at": "2021-07-19T12:43:56.222Z", "is_active": true}}, {"model": "ai_staff.countries", "pk": 201, "fields": {"deleted_at": null, "sortname": "SO", "name": "Somalia", "phonecode": 252, "created_at": "2021-07-19T12:43:56.230Z", "updated_at": "2021-07-19T12:43:56.230Z", "is_active": true}}, {"model": "ai_staff.countries", "pk": 202, "fields": {"deleted_at": null, "sortname": "ZA", "name": "South Africa", "phonecode": 27, "created_at": "2021-07-19T12:43:56.239Z", "updated_at": "2021-07-19T12:43:56.239Z", "is_active": true}}, {"model": "ai_staff.countries", "pk": 203, "fields": {"deleted_at": null, "sortname": "GS", "name": "South Georgia", "phonecode": 0, "created_at": "2021-07-19T12:43:56.242Z", "updated_at": "2021-07-19T12:43:56.242Z", "is_active": true}}, {"model": "ai_staff.countries", "pk": 204, "fields": {"deleted_at": null, "sortname": "SS", "name": "South Sudan", "phonecode": 211, "created_at": "2021-07-19T12:43:56.254Z", "updated_at": "2021-07-19T12:43:56.254Z", "is_active": true}}, {"model": "ai_staff.countries", "pk": 205, "fields": {"deleted_at": null, "sortname": "ES", "name": "Spain", "phonecode": 34, "created_at": "2021-07-19T12:43:56.263Z", "updated_at": "2021-07-19T12:43:56.263Z", "is_active": true}}, {"model": "ai_staff.countries", "pk": 206, "fields": {"deleted_at": null, "sortname": "LK", "name": "Sri Lanka", "phonecode": 94, "created_at": "2021-07-19T12:43:56.266Z", "updated_at": "2021-07-19T12:43:56.266Z", "is_active": true}}, {"model": "ai_staff.countries", "pk": 207, "fields": {"deleted_at": null, "sortname": "SD", "name": "Sudan", "phonecode": 249, "created_at": "2021-07-19T12:43:56.275Z", "updated_at": "2021-07-19T12:43:56.275Z", "is_active": true}}, {"model": "ai_staff.countries", "pk": 208, "fields": {"deleted_at": null, "sortname": "SR", "name": "Suriname", "phonecode": 597, "created_at": "2021-07-19T12:43:56.284Z", "updated_at": "2021-07-19T12:43:56.284Z", "is_active": true}}, {"model": "ai_staff.countries", "pk": 209, "fields": {"deleted_at": null, "sortname": "SJ", "name": "Svalbard And Jan Mayen Islands", "phonecode": 47, "created_at": "2021-07-19T12:43:56.287Z", "updated_at": "2021-07-19T12:43:56.287Z", "is_active": true}}, {"model": "ai_staff.countries", "pk": 210, "fields": {"deleted_at": null, "sortname": "SZ", "name": "Swaziland", "phonecode": 268, "created_at": "2021-07-19T12:43:56.296Z", "updated_at": "2021-07-19T12:43:56.296Z", "is_active": true}}, {"model": "ai_staff.countries", "pk": 211, "fields": {"deleted_at": null, "sortname": "SE", "name": "Sweden", "phonecode": 46, "created_at": "2021-07-19T12:43:56.304Z", "updated_at": "2021-07-19T12:43:56.304Z", "is_active": true}}, {"model": "ai_staff.countries", "pk": 212, "fields": {"deleted_at": null, "sortname": "CH", "name": "Switzerland", "phonecode": 41, "created_at": "2021-07-19T12:43:56.307Z", "updated_at": "2021-07-19T12:43:56.307Z", "is_active": true}}, {"model": "ai_staff.countries", "pk": 213, "fields": {"deleted_at": null, "sortname": "SY", "name": "Syria", "phonecode": 963, "created_at": "2021-07-19T12:43:56.316Z", "updated_at": "2021-07-19T12:43:56.316Z", "is_active": true}}, {"model": "ai_staff.countries", "pk": 214, "fields": {"deleted_at": null, "sortname": "TW", "name": "Taiwan", "phonecode": 886, "created_at": "2021-07-19T12:43:56.327Z", "updated_at": "2021-07-19T12:43:56.327Z", "is_active": true}}, {"model": "ai_staff.countries", "pk": 215, "fields": {"deleted_at": null, "sortname": "TJ", "name": "Tajikistan", "phonecode": 992, "created_at": "2021-07-19T12:43:56.330Z", "updated_at": "2021-07-19T12:43:56.330Z", "is_active": true}}, {"model": "ai_staff.countries", "pk": 216, "fields": {"deleted_at": null, "sortname": "TZ", "name": "Tanzania", "phonecode": 255, "created_at": "2021-07-19T12:43:56.339Z", "updated_at": "2021-07-19T12:43:56.339Z", "is_active": true}}, {"model": "ai_staff.countries", "pk": 217, "fields": {"deleted_at": null, "sortname": "TH", "name": "Thailand", "phonecode": 66, "created_at": "2021-07-19T12:43:56.348Z", "updated_at": "2021-07-19T12:43:56.348Z", "is_active": true}}, {"model": "ai_staff.countries", "pk": 218, "fields": {"deleted_at": null, "sortname": "TG", "name": "Togo", "phonecode": 228, "created_at": "2021-07-19T12:43:56.351Z", "updated_at": "2021-07-19T12:43:56.351Z", "is_active": true}}, {"model": "ai_staff.countries", "pk": 219, "fields": {"deleted_at": null, "sortname": "TK", "name": "Tokelau", "phonecode": 690, "created_at": "2021-07-19T12:43:56.360Z", "updated_at": "2021-07-19T12:43:56.360Z", "is_active": true}}, {"model": "ai_staff.countries", "pk": 220, "fields": {"deleted_at": null, "sortname": "TO", "name": "Tonga", "phonecode": 676, "created_at": "2021-07-19T12:43:56.368Z", "updated_at": "2021-07-19T12:43:56.368Z", "is_active": true}}, {"model": "ai_staff.countries", "pk": 221, "fields": {"deleted_at": null, "sortname": "TT", "name": "Trinidad And Tobago", "phonecode": 1868, "created_at": "2021-07-19T12:43:56.371Z", "updated_at": "2021-07-19T12:43:56.371Z", "is_active": true}}, {"model": "ai_staff.countries", "pk": 222, "fields": {"deleted_at": null, "sortname": "TN", "name": "Tunisia", "phonecode": 216, "created_at": "2021-07-19T12:43:56.380Z", "updated_at": "2021-07-19T12:43:56.380Z", "is_active": true}}, {"model": "ai_staff.countries", "pk": 223, "fields": {"deleted_at": null, "sortname": "TR", "name": "Turkey", "phonecode": 90, "created_at": "2021-07-19T12:43:56.388Z", "updated_at": "2021-07-19T12:43:56.388Z", "is_active": true}}, {"model": "ai_staff.countries", "pk": 224, "fields": {"deleted_at": null, "sortname": "TM", "name": "Turkmenistan", "phonecode": 7370, "created_at": "2021-07-19T12:43:56.391Z", "updated_at": "2021-07-19T12:43:56.391Z", "is_active": true}}, {"model": "ai_staff.countries", "pk": 225, "fields": {"deleted_at": null, "sortname": "TC", "name": "Turks And Caicos Islands", "phonecode": 1649, "created_at": "2021-07-19T12:43:56.400Z", "updated_at": "2021-07-19T12:43:56.400Z", "is_active": true}}, {"model": "ai_staff.countries", "pk": 226, "fields": {"deleted_at": null, "sortname": "TV", "name": "Tuvalu", "phonecode": 688, "created_at": "2021-07-19T12:43:56.409Z", "updated_at": "2021-07-19T12:43:56.409Z", "is_active": true}}, {"model": "ai_staff.countries", "pk": 227, "fields": {"deleted_at": null, "sortname": "UG", "name": "Uganda", "phonecode": 256, "created_at": "2021-07-19T12:43:56.412Z", "updated_at": "2021-07-19T12:43:56.412Z", "is_active": true}}, {"model": "ai_staff.countries", "pk": 228, "fields": {"deleted_at": null, "sortname": "UA", "name": "Ukraine", "phonecode": 380, "created_at": "2021-07-19T12:43:56.424Z", "updated_at": "2021-07-19T12:43:56.424Z", "is_active": true}}, {"model": "ai_staff.countries", "pk": 229, "fields": {"deleted_at": null, "sortname": "AE", "name": "United Arab Emirates", "phonecode": 971, "created_at": "2021-07-19T12:43:56.432Z", "updated_at": "2021-07-19T12:43:56.432Z", "is_active": true}}, {"model": "ai_staff.countries", "pk": 230, "fields": {"deleted_at": null, "sortname": "GB", "name": "United Kingdom", "phonecode": 44, "created_at": "2021-07-19T12:43:56.435Z", "updated_at": "2021-07-19T12:43:56.435Z", "is_active": true}}, {"model": "ai_staff.countries", "pk": 231, "fields": {"deleted_at": null, "sortname": "US", "name": "United States", "phonecode": 1, "created_at": "2021-07-19T12:43:56.444Z", "updated_at": "2021-07-19T12:43:56.444Z", "is_active": true}}, {"model": "ai_staff.countries", "pk": 232, "fields": {"deleted_at": null, "sortname": "UM", "name": "United States Minor Outlying Islands", "phonecode": 1, "created_at": "2021-07-19T12:43:56.453Z", "updated_at": "2021-07-19T12:43:56.453Z", "is_active": true}}, {"model": "ai_staff.countries", "pk": 233, "fields": {"deleted_at": null, "sortname": "UY", "name": "Uruguay", "phonecode": 598, "created_at": "2021-07-19T12:43:56.456Z", "updated_at": "2021-07-19T12:43:56.456Z", "is_active": true}}, {"model": "ai_staff.countries", "pk": 234, "fields": {"deleted_at": null, "sortname": "UZ", "name": "Uzbekistan", "phonecode": 998, "created_at": "2021-07-19T12:43:56.465Z", "updated_at": "2021-07-19T12:43:56.465Z", "is_active": true}}, {"model": "ai_staff.countries", "pk": 235, "fields": {"deleted_at": null, "sortname": "VU", "name": "Vanuatu", "phonecode": 678, "created_at": "2021-07-19T12:43:56.473Z", "updated_at": "2021-07-19T12:43:56.473Z", "is_active": true}}, {"model": "ai_staff.countries", "pk": 236, "fields": {"deleted_at": null, "sortname": "VA", "name": "Vatican City State (Holy See)", "phonecode": 39, "created_at": "2021-07-19T12:43:56.476Z", "updated_at": "2021-07-19T12:43:56.476Z", "is_active": true}}, {"model": "ai_staff.countries", "pk": 237, "fields": {"deleted_at": null, "sortname": "VE", "name": "Venezuela", "phonecode": 58, "created_at": "2021-07-19T12:43:56.485Z", "updated_at": "2021-07-19T12:43:56.485Z", "is_active": true}}, {"model": "ai_staff.countries", "pk": 238, "fields": {"deleted_at": null, "sortname": "VN", "name": "Vietnam", "phonecode": 84, "created_at": "2021-07-19T12:43:56.494Z", "updated_at": "2021-07-19T12:43:56.494Z", "is_active": true}}, {"model": "ai_staff.countries", "pk": 239, "fields": {"deleted_at": null, "sortname": "VG", "name": "Virgin Islands (British)", "phonecode": 1284, "created_at": "2021-07-19T12:43:56.497Z", "updated_at": "2021-07-19T12:43:56.497Z", "is_active": true}}, {"model": "ai_staff.countries", "pk": 240, "fields": {"deleted_at": null, "sortname": "VI", "name": "Virgin Islands (US)", "phonecode": 1340, "created_at": "2021-07-19T12:43:56.505Z", "updated_at": "2021-07-19T12:43:56.505Z", "is_active": true}}, {"model": "ai_staff.countries", "pk": 241, "fields": {"deleted_at": null, "sortname": "WF", "name": "Wallis And Futuna Islands", "phonecode": 681, "created_at": "2021-07-19T12:43:56.517Z", "updated_at": "2021-07-19T12:43:56.517Z", "is_active": true}}, {"model": "ai_staff.countries", "pk": 242, "fields": {"deleted_at": null, "sortname": "EH", "name": "Western Sahara", "phonecode": 212, "created_at": "2021-07-19T12:43:56.520Z", "updated_at": "2021-07-19T12:43:56.520Z", "is_active": true}}, {"model": "ai_staff.countries", "pk": 243, "fields": {"deleted_at": null, "sortname": "YE", "name": "Yemen", "phonecode": 967, "created_at": "2021-07-19T12:43:56.529Z", "updated_at": "2021-07-19T12:43:56.529Z", "is_active": true}}, {"model": "ai_staff.countries", "pk": 244, "fields": {"deleted_at": null, "sortname": "YU", "name": "Yugoslavia", "phonecode": 38, "created_at": "2021-07-19T12:43:56.537Z", "updated_at": "2021-07-19T12:43:56.537Z", "is_active": true}}, {"model": "ai_staff.countries", "pk": 245, "fields": {"deleted_at": null, "sortname": "ZM", "name": "Zambia", "phonecode": 260, "created_at": "2021-07-19T12:43:56.540Z", "updated_at": "2021-07-19T12:43:56.540Z", "is_active": true}}, {"model": "ai_staff.countries", "pk": 246, "fields": {"deleted_at": null, "sortname": "ZW", "name": "Zimbabwe", "phonecode": 263, "created_at": "2021-07-19T12:43:56.549Z", "updated_at": "2021-07-19T12:43:56.549Z", "is_active": true}}]