[{"model": "ai_staff.currencies", "pk": 1, "fields": {"deleted_at": null, "currency": "United Arab Emirates dirham", "currency_code": "AED", "created_at": "2021-07-19T14:45:02.721Z", "updated_at": "2021-07-19T14:45:02.721Z", "is_active": true}}, {"model": "ai_staff.currencies", "pk": 2, "fields": {"deleted_at": null, "currency": "Afghan afghani", "currency_code": "AFN", "created_at": "2021-07-19T14:45:02.732Z", "updated_at": "2021-07-19T14:45:02.732Z", "is_active": true}}, {"model": "ai_staff.currencies", "pk": 3, "fields": {"deleted_at": null, "currency": "Albanian lek", "currency_code": "ALL", "created_at": "2021-07-19T14:45:02.735Z", "updated_at": "2021-07-19T14:45:02.735Z", "is_active": true}}, {"model": "ai_staff.currencies", "pk": 4, "fields": {"deleted_at": null, "currency": "Armenian dram", "currency_code": "AMD", "created_at": "2021-07-19T14:45:02.738Z", "updated_at": "2021-07-19T14:45:02.738Z", "is_active": true}}, {"model": "ai_staff.currencies", "pk": 5, "fields": {"deleted_at": null, "currency": "Netherlands Antillean guilder", "currency_code": "ANG", "created_at": "2021-07-19T14:45:02.748Z", "updated_at": "2021-07-19T14:45:02.748Z", "is_active": true}}, {"model": "ai_staff.currencies", "pk": 6, "fields": {"deleted_at": null, "currency": "Angolan kwanza", "currency_code": "AOA", "created_at": "2021-07-19T14:45:02.751Z", "updated_at": "2021-07-19T14:45:02.751Z", "is_active": true}}, {"model": "ai_staff.currencies", "pk": 7, "fields": {"deleted_at": null, "currency": "Argentine peso", "currency_code": "ARS", "created_at": "2021-07-19T14:45:02.754Z", "updated_at": "2021-07-19T14:45:02.754Z", "is_active": true}}, {"model": "ai_staff.currencies", "pk": 8, "fields": {"deleted_at": null, "currency": "Australian dollar", "currency_code": "AUD", "created_at": "2021-07-19T14:45:02.764Z", "updated_at": "2021-07-19T14:45:02.764Z", "is_active": true}}, {"model": "ai_staff.currencies", "pk": 9, "fields": {"deleted_at": null, "currency": "Aruban florin", "currency_code": "AWG", "created_at": "2021-07-19T14:45:02.767Z", "updated_at": "2021-07-19T14:45:02.767Z", "is_active": true}}, {"model": "ai_staff.currencies", "pk": 10, "fields": {"deleted_at": null, "currency": "Azerbaijani manat", "currency_code": "AZN", "created_at": "2021-07-19T14:45:02.770Z", "updated_at": "2021-07-19T14:45:02.770Z", "is_active": true}}, {"model": "ai_staff.currencies", "pk": 11, "fields": {"deleted_at": null, "currency": "Bosnia and Herzegovina convertible mark", "currency_code": "BAM", "created_at": "2021-07-19T14:45:02.780Z", "updated_at": "2021-07-19T14:45:02.780Z", "is_active": true}}, {"model": "ai_staff.currencies", "pk": 12, "fields": {"deleted_at": null, "currency": "Barbados dollar", "currency_code": "BBD", "created_at": "2021-07-19T14:45:02.784Z", "updated_at": "2021-07-19T14:45:02.784Z", "is_active": true}}, {"model": "ai_staff.currencies", "pk": 13, "fields": {"deleted_at": null, "currency": "Bangladeshi taka", "currency_code": "BDT", "created_at": "2021-07-19T14:45:02.787Z", "updated_at": "2021-07-19T14:45:02.787Z", "is_active": true}}, {"model": "ai_staff.currencies", "pk": 14, "fields": {"deleted_at": null, "currency": "Bulgarian lev", "currency_code": "BGN", "created_at": "2021-07-19T14:45:02.796Z", "updated_at": "2021-07-19T14:45:02.796Z", "is_active": true}}, {"model": "ai_staff.currencies", "pk": 15, "fields": {"deleted_at": null, "currency": "Bahraini dinar", "currency_code": "BHD", "created_at": "2021-07-19T14:45:02.800Z", "updated_at": "2021-07-19T14:45:02.800Z", "is_active": true}}, {"model": "ai_staff.currencies", "pk": 16, "fields": {"deleted_at": null, "currency": "Burundian franc", "currency_code": "BIF", "created_at": "2021-07-19T14:45:02.803Z", "updated_at": "2021-07-19T14:45:02.803Z", "is_active": true}}, {"model": "ai_staff.currencies", "pk": 17, "fields": {"deleted_at": null, "currency": "Bermudian dollar", "currency_code": "BMD", "created_at": "2021-07-19T14:45:02.812Z", "updated_at": "2021-07-19T14:45:02.812Z", "is_active": true}}, {"model": "ai_staff.currencies", "pk": 18, "fields": {"deleted_at": null, "currency": "Brunei dollar", "currency_code": "BND", "created_at": "2021-07-19T14:45:02.816Z", "updated_at": "2021-07-19T14:45:02.816Z", "is_active": true}}, {"model": "ai_staff.currencies", "pk": 19, "fields": {"deleted_at": null, "currency": "Boliviano", "currency_code": "BOB", "created_at": "2021-07-19T14:45:02.819Z", "updated_at": "2021-07-19T14:45:02.819Z", "is_active": true}}, {"model": "ai_staff.currencies", "pk": 20, "fields": {"deleted_at": null, "currency": "Bolivian Mvdol (funds code)", "currency_code": "BOV", "created_at": "2021-07-19T14:45:02.828Z", "updated_at": "2021-07-19T14:45:02.828Z", "is_active": true}}, {"model": "ai_staff.currencies", "pk": 21, "fields": {"deleted_at": null, "currency": "Brazilian real", "currency_code": "BRL", "created_at": "2021-07-19T14:45:02.831Z", "updated_at": "2021-07-19T14:45:02.831Z", "is_active": true}}, {"model": "ai_staff.currencies", "pk": 22, "fields": {"deleted_at": null, "currency": "Bahamian dollar", "currency_code": "BSD", "created_at": "2021-07-19T14:45:02.835Z", "updated_at": "2021-07-19T14:45:02.835Z", "is_active": true}}, {"model": "ai_staff.currencies", "pk": 23, "fields": {"deleted_at": null, "currency": "Bhutanese ngultrum", "currency_code": "BTN", "created_at": "2021-07-19T14:45:02.844Z", "updated_at": "2021-07-19T14:45:02.844Z", "is_active": true}}, {"model": "ai_staff.currencies", "pk": 24, "fields": {"deleted_at": null, "currency": "Botswana pula", "currency_code": "BWP", "created_at": "2021-07-19T14:45:02.847Z", "updated_at": "2021-07-19T14:45:02.847Z", "is_active": true}}, {"model": "ai_staff.currencies", "pk": 25, "fields": {"deleted_at": null, "currency": "Belarusian ruble", "currency_code": "BYN", "created_at": "2021-07-19T14:45:02.851Z", "updated_at": "2021-07-19T14:45:02.851Z", "is_active": true}}, {"model": "ai_staff.currencies", "pk": 26, "fields": {"deleted_at": null, "currency": "Belize dollar", "currency_code": "BZD", "created_at": "2021-07-19T14:45:02.860Z", "updated_at": "2021-07-19T14:45:02.860Z", "is_active": true}}, {"model": "ai_staff.currencies", "pk": 27, "fields": {"deleted_at": null, "currency": "Canadian dollar", "currency_code": "CAD", "created_at": "2021-07-19T14:45:02.867Z", "updated_at": "2021-07-19T14:45:02.867Z", "is_active": true}}, {"model": "ai_staff.currencies", "pk": 28, "fields": {"deleted_at": null, "currency": "Congolese franc", "currency_code": "CDF", "created_at": "2021-07-19T14:45:02.870Z", "updated_at": "2021-07-19T14:45:02.870Z", "is_active": true}}, {"model": "ai_staff.currencies", "pk": 29, "fields": {"deleted_at": null, "currency": "Swiss franc", "currency_code": "CHF", "created_at": "2021-07-19T14:45:02.879Z", "updated_at": "2021-07-19T14:45:02.879Z", "is_active": true}}, {"model": "ai_staff.currencies", "pk": 30, "fields": {"deleted_at": null, "currency": "Chilean peso", "currency_code": "CLP", "created_at": "2021-07-19T14:45:02.882Z", "updated_at": "2021-07-19T14:45:02.882Z", "is_active": true}}, {"model": "ai_staff.currencies", "pk": 31, "fields": {"deleted_at": null, "currency": "Chinese yuan[8]", "currency_code": "CNY", "created_at": "2021-07-19T14:45:02.885Z", "updated_at": "2021-07-19T14:45:02.885Z", "is_active": true}}, {"model": "ai_staff.currencies", "pk": 32, "fields": {"deleted_at": null, "currency": "Colombian peso", "currency_code": "COP", "created_at": "2021-07-19T14:45:02.894Z", "updated_at": "2021-07-19T14:45:02.894Z", "is_active": true}}, {"model": "ai_staff.currencies", "pk": 33, "fields": {"deleted_at": null, "currency": "Costa Rican colon", "currency_code": "CRC", "created_at": "2021-07-19T14:45:02.898Z", "updated_at": "2021-07-19T14:45:02.898Z", "is_active": true}}, {"model": "ai_staff.currencies", "pk": 34, "fields": {"deleted_at": null, "currency": "Cuban convertible peso", "currency_code": "CUC", "created_at": "2021-07-19T14:45:02.901Z", "updated_at": "2021-07-19T14:45:02.901Z", "is_active": true}}, {"model": "ai_staff.currencies", "pk": 35, "fields": {"deleted_at": null, "currency": "Cuban peso", "currency_code": "CUP", "created_at": "2021-07-19T14:45:02.910Z", "updated_at": "2021-07-19T14:45:02.910Z", "is_active": true}}, {"model": "ai_staff.currencies", "pk": 36, "fields": {"deleted_at": null, "currency": "Cape Verdean escudo", "currency_code": "CVE", "created_at": "2021-07-19T14:45:02.913Z", "updated_at": "2021-07-19T14:45:02.913Z", "is_active": true}}, {"model": "ai_staff.currencies", "pk": 37, "fields": {"deleted_at": null, "currency": "Czech koruna", "currency_code": "CZK", "created_at": "2021-07-19T14:45:02.916Z", "updated_at": "2021-07-19T14:45:02.917Z", "is_active": true}}, {"model": "ai_staff.currencies", "pk": 38, "fields": {"deleted_at": null, "currency": "Djiboutian franc", "currency_code": "DJF", "created_at": "2021-07-19T14:45:02.926Z", "updated_at": "2021-07-19T14:45:02.926Z", "is_active": true}}, {"model": "ai_staff.currencies", "pk": 39, "fields": {"deleted_at": null, "currency": "Danish krone", "currency_code": "DKK", "created_at": "2021-07-19T14:45:02.937Z", "updated_at": "2021-07-19T14:45:02.937Z", "is_active": true}}, {"model": "ai_staff.currencies", "pk": 40, "fields": {"deleted_at": null, "currency": "Dominican peso", "currency_code": "DOP", "created_at": "2021-07-19T14:45:02.946Z", "updated_at": "2021-07-19T14:45:02.946Z", "is_active": true}}, {"model": "ai_staff.currencies", "pk": 41, "fields": {"deleted_at": null, "currency": "Algerian dinar", "currency_code": "DZD", "created_at": "2021-07-19T14:45:02.949Z", "updated_at": "2021-07-19T14:45:02.949Z", "is_active": true}}, {"model": "ai_staff.currencies", "pk": 42, "fields": {"deleted_at": null, "currency": "Egyptian pound", "currency_code": "EGP", "created_at": "2021-07-19T14:45:02.952Z", "updated_at": "2021-07-19T14:45:02.952Z", "is_active": true}}, {"model": "ai_staff.currencies", "pk": 43, "fields": {"deleted_at": null, "currency": "Eritrean nakfa", "currency_code": "ERN", "created_at": "2021-07-19T14:45:02.961Z", "updated_at": "2021-07-19T14:45:02.961Z", "is_active": true}}, {"model": "ai_staff.currencies", "pk": 44, "fields": {"deleted_at": null, "currency": "Ethiopian birr", "currency_code": "ETB", "created_at": "2021-07-19T14:45:02.964Z", "updated_at": "2021-07-19T14:45:02.964Z", "is_active": true}}, {"model": "ai_staff.currencies", "pk": 45, "fields": {"deleted_at": null, "currency": "Euro", "currency_code": "EUR", "created_at": "2021-07-19T14:45:02.967Z", "updated_at": "2021-07-19T14:45:02.967Z", "is_active": true}}, {"model": "ai_staff.currencies", "pk": 46, "fields": {"deleted_at": null, "currency": "Fiji dollar", "currency_code": "FJD", "created_at": "2021-07-19T14:45:02.976Z", "updated_at": "2021-07-19T14:45:02.976Z", "is_active": true}}, {"model": "ai_staff.currencies", "pk": 47, "fields": {"deleted_at": null, "currency": "Falkland Islands pound", "currency_code": "FKP", "created_at": "2021-07-19T14:45:02.979Z", "updated_at": "2021-07-19T14:45:02.980Z", "is_active": true}}, {"model": "ai_staff.currencies", "pk": 48, "fields": {"deleted_at": null, "currency": "Pound sterling", "currency_code": "GBP", "created_at": "2021-07-19T14:45:02.989Z", "updated_at": "2021-07-19T14:45:02.989Z", "is_active": true}}, {"model": "ai_staff.currencies", "pk": 49, "fields": {"deleted_at": null, "currency": "Georgian lari", "currency_code": "GEL", "created_at": "2021-07-19T14:45:02.992Z", "updated_at": "2021-07-19T14:45:02.992Z", "is_active": true}}, {"model": "ai_staff.currencies", "pk": 50, "fields": {"deleted_at": null, "currency": "Ghanaian cedi", "currency_code": "GHS", "created_at": "2021-07-19T14:45:02.995Z", "updated_at": "2021-07-19T14:45:02.995Z", "is_active": true}}, {"model": "ai_staff.currencies", "pk": 51, "fields": {"deleted_at": null, "currency": "Gibraltar pound", "currency_code": "GIP", "created_at": "2021-07-19T14:45:03.005Z", "updated_at": "2021-07-19T14:45:03.005Z", "is_active": true}}, {"model": "ai_staff.currencies", "pk": 52, "fields": {"deleted_at": null, "currency": "Gambian dalasi", "currency_code": "GMD", "created_at": "2021-07-19T14:45:03.008Z", "updated_at": "2021-07-19T14:45:03.008Z", "is_active": true}}, {"model": "ai_staff.currencies", "pk": 53, "fields": {"deleted_at": null, "currency": "Guinean franc", "currency_code": "GNF", "created_at": "2021-07-19T14:45:03.011Z", "updated_at": "2021-07-19T14:45:03.011Z", "is_active": true}}, {"model": "ai_staff.currencies", "pk": 54, "fields": {"deleted_at": null, "currency": "Guatemalan quetzal", "currency_code": "GTQ", "created_at": "2021-07-19T14:45:03.021Z", "updated_at": "2021-07-19T14:45:03.021Z", "is_active": true}}, {"model": "ai_staff.currencies", "pk": 55, "fields": {"deleted_at": null, "currency": "Guyanese dollar", "currency_code": "GYD", "created_at": "2021-07-19T14:45:03.024Z", "updated_at": "2021-07-19T14:45:03.024Z", "is_active": true}}, {"model": "ai_staff.currencies", "pk": 56, "fields": {"deleted_at": null, "currency": "Hong Kong dollar", "currency_code": "HKD", "created_at": "2021-07-19T14:45:03.027Z", "updated_at": "2021-07-19T14:45:03.027Z", "is_active": true}}, {"model": "ai_staff.currencies", "pk": 57, "fields": {"deleted_at": null, "currency": "Honduran lempira", "currency_code": "HNL", "created_at": "2021-07-19T14:45:03.044Z", "updated_at": "2021-07-19T14:45:03.044Z", "is_active": true}}, {"model": "ai_staff.currencies", "pk": 58, "fields": {"deleted_at": null, "currency": "Croatian kuna", "currency_code": "HRK", "created_at": "2021-07-19T14:45:03.052Z", "updated_at": "2021-07-19T14:45:03.052Z", "is_active": true}}, {"model": "ai_staff.currencies", "pk": 59, "fields": {"deleted_at": null, "currency": "Haitian gourde", "currency_code": "HTG", "created_at": "2021-07-19T14:45:03.055Z", "updated_at": "2021-07-19T14:45:03.055Z", "is_active": true}}, {"model": "ai_staff.currencies", "pk": 60, "fields": {"deleted_at": null, "currency": "Hungarian forint", "currency_code": "HUF", "created_at": "2021-07-19T14:45:03.065Z", "updated_at": "2021-07-19T14:45:03.065Z", "is_active": true}}, {"model": "ai_staff.currencies", "pk": 61, "fields": {"deleted_at": null, "currency": "Indonesian rupiah", "currency_code": "IDR", "created_at": "2021-07-19T14:45:03.074Z", "updated_at": "2021-07-19T14:45:03.074Z", "is_active": true}}, {"model": "ai_staff.currencies", "pk": 62, "fields": {"deleted_at": null, "currency": "Israeli new shekel", "currency_code": "ILS", "created_at": "2021-07-19T14:45:03.077Z", "updated_at": "2021-07-19T14:45:03.077Z", "is_active": true}}, {"model": "ai_staff.currencies", "pk": 63, "fields": {"deleted_at": null, "currency": "Indian rupee", "currency_code": "INR", "created_at": "2021-07-19T14:45:03.086Z", "updated_at": "2021-07-19T14:45:03.086Z", "is_active": true}}, {"model": "ai_staff.currencies", "pk": 64, "fields": {"deleted_at": null, "currency": "Iraqi dinar", "currency_code": "IQD", "created_at": "2021-07-19T14:45:03.102Z", "updated_at": "2021-07-19T14:45:03.102Z", "is_active": true}}, {"model": "ai_staff.currencies", "pk": 65, "fields": {"deleted_at": null, "currency": "Iranian rial", "currency_code": "IRR", "created_at": "2021-07-19T14:45:03.105Z", "updated_at": "2021-07-19T14:45:03.105Z", "is_active": true}}, {"model": "ai_staff.currencies", "pk": 66, "fields": {"deleted_at": null, "currency": "Icelandic króna", "currency_code": "ISK", "created_at": "2021-07-19T14:45:03.114Z", "updated_at": "2021-07-19T14:45:03.114Z", "is_active": true}}, {"model": "ai_staff.currencies", "pk": 67, "fields": {"deleted_at": null, "currency": "Jamaican dollar", "currency_code": "JMD", "created_at": "2021-07-19T14:45:03.132Z", "updated_at": "2021-07-19T14:45:03.132Z", "is_active": true}}, {"model": "ai_staff.currencies", "pk": 68, "fields": {"deleted_at": null, "currency": "Jordanian dinar", "currency_code": "JOD", "created_at": "2021-07-19T14:45:03.135Z", "updated_at": "2021-07-19T14:45:03.135Z", "is_active": true}}, {"model": "ai_staff.currencies", "pk": 69, "fields": {"deleted_at": null, "currency": "Japanese yen", "currency_code": "JPY", "created_at": "2021-07-19T14:45:03.151Z", "updated_at": "2021-07-19T14:45:03.151Z", "is_active": true}}, {"model": "ai_staff.currencies", "pk": 70, "fields": {"deleted_at": null, "currency": "Kenyan shilling", "currency_code": "KES", "created_at": "2021-07-19T14:45:03.160Z", "updated_at": "2021-07-19T14:45:03.160Z", "is_active": true}}, {"model": "ai_staff.currencies", "pk": 71, "fields": {"deleted_at": null, "currency": "Kyrgyzstani som", "currency_code": "KGS", "created_at": "2021-07-19T14:45:03.164Z", "updated_at": "2021-07-19T14:45:03.164Z", "is_active": true}}, {"model": "ai_staff.currencies", "pk": 72, "fields": {"deleted_at": null, "currency": "Cambodian riel", "currency_code": "KHR", "created_at": "2021-07-19T14:45:03.173Z", "updated_at": "2021-07-19T14:45:03.173Z", "is_active": true}}, {"model": "ai_staff.currencies", "pk": 73, "fields": {"deleted_at": null, "currency": "Comoro franc", "currency_code": "KMF", "created_at": "2021-07-19T14:45:03.182Z", "updated_at": "2021-07-19T14:45:03.182Z", "is_active": true}}, {"model": "ai_staff.currencies", "pk": 74, "fields": {"deleted_at": null, "currency": "North Korean won", "currency_code": "KPW", "created_at": "2021-07-19T14:45:03.188Z", "updated_at": "2021-07-19T14:45:03.188Z", "is_active": true}}, {"model": "ai_staff.currencies", "pk": 75, "fields": {"deleted_at": null, "currency": "South Korean won", "currency_code": "KRW", "created_at": "2021-07-19T14:45:03.200Z", "updated_at": "2021-07-19T14:45:03.200Z", "is_active": true}}, {"model": "ai_staff.currencies", "pk": 76, "fields": {"deleted_at": null, "currency": "Kuwaiti dinar", "currency_code": "KWD", "created_at": "2021-07-19T14:45:03.208Z", "updated_at": "2021-07-19T14:45:03.208Z", "is_active": true}}, {"model": "ai_staff.currencies", "pk": 77, "fields": {"deleted_at": null, "currency": "Cayman Islands dollar", "currency_code": "KYD", "created_at": "2021-07-19T14:45:03.212Z", "updated_at": "2021-07-19T14:45:03.212Z", "is_active": true}}, {"model": "ai_staff.currencies", "pk": 78, "fields": {"deleted_at": null, "currency": "Kazakhstani tenge", "currency_code": "KZT", "created_at": "2021-07-19T14:45:03.221Z", "updated_at": "2021-07-19T14:45:03.221Z", "is_active": true}}, {"model": "ai_staff.currencies", "pk": 79, "fields": {"deleted_at": null, "currency": "Lao kip", "currency_code": "LAK", "created_at": "2021-07-19T14:45:03.230Z", "updated_at": "2021-07-19T14:45:03.230Z", "is_active": true}}, {"model": "ai_staff.currencies", "pk": 80, "fields": {"deleted_at": null, "currency": "Lebanese pound", "currency_code": "LBP", "created_at": "2021-07-19T14:45:03.234Z", "updated_at": "2021-07-19T14:45:03.234Z", "is_active": true}}, {"model": "ai_staff.currencies", "pk": 81, "fields": {"deleted_at": null, "currency": "Sri Lankan rupee", "currency_code": "LKR", "created_at": "2021-07-19T14:45:03.243Z", "updated_at": "2021-07-19T14:45:03.243Z", "is_active": true}}, {"model": "ai_staff.currencies", "pk": 82, "fields": {"deleted_at": null, "currency": "Liberian dollar", "currency_code": "LRD", "created_at": "2021-07-19T14:45:03.251Z", "updated_at": "2021-07-19T14:45:03.251Z", "is_active": true}}, {"model": "ai_staff.currencies", "pk": 83, "fields": {"deleted_at": null, "currency": "Lesotho loti", "currency_code": "LSL", "created_at": "2021-07-19T14:45:03.255Z", "updated_at": "2021-07-19T14:45:03.255Z", "is_active": true}}, {"model": "ai_staff.currencies", "pk": 84, "fields": {"deleted_at": null, "currency": "Libyan dinar", "currency_code": "LYD", "created_at": "2021-07-19T14:45:03.264Z", "updated_at": "2021-07-19T14:45:03.264Z", "is_active": true}}, {"model": "ai_staff.currencies", "pk": 85, "fields": {"deleted_at": null, "currency": "Moroccan dirham", "currency_code": "MAD", "created_at": "2021-07-19T14:45:03.273Z", "updated_at": "2021-07-19T14:45:03.273Z", "is_active": true}}, {"model": "ai_staff.currencies", "pk": 86, "fields": {"deleted_at": null, "currency": "Moldovan leu", "currency_code": "MDL", "created_at": "2021-07-19T14:45:03.279Z", "updated_at": "2021-07-19T14:45:03.279Z", "is_active": true}}, {"model": "ai_staff.currencies", "pk": 87, "fields": {"deleted_at": null, "currency": "Malagasy ariary", "currency_code": "MGA", "created_at": "2021-07-19T14:45:03.285Z", "updated_at": "2021-07-19T14:45:03.285Z", "is_active": true}}, {"model": "ai_staff.currencies", "pk": 88, "fields": {"deleted_at": null, "currency": "Macedonian denar", "currency_code": "MKD", "created_at": "2021-07-19T14:45:03.293Z", "updated_at": "2021-07-19T14:45:03.293Z", "is_active": true}}, {"model": "ai_staff.currencies", "pk": 89, "fields": {"deleted_at": null, "currency": "Myanmar kyat", "currency_code": "MMK", "created_at": "2021-07-19T14:45:03.297Z", "updated_at": "2021-07-19T14:45:03.297Z", "is_active": true}}, {"model": "ai_staff.currencies", "pk": 90, "fields": {"deleted_at": null, "currency": "Mongolian tögrög", "currency_code": "MNT", "created_at": "2021-07-19T14:45:03.306Z", "updated_at": "2021-07-19T14:45:03.306Z", "is_active": true}}, {"model": "ai_staff.currencies", "pk": 91, "fields": {"deleted_at": null, "currency": "Macanese pataca", "currency_code": "MOP", "created_at": "2021-07-19T14:45:03.315Z", "updated_at": "2021-07-19T14:45:03.315Z", "is_active": true}}, {"model": "ai_staff.currencies", "pk": 92, "fields": {"deleted_at": null, "currency": "Mauritanian ouguiya", "currency_code": "MRU", "created_at": "2021-07-19T14:45:03.318Z", "updated_at": "2021-07-19T14:45:03.318Z", "is_active": true}}, {"model": "ai_staff.currencies", "pk": 93, "fields": {"deleted_at": null, "currency": "Mauritian rupee", "currency_code": "MUR", "created_at": "2021-07-19T14:45:03.327Z", "updated_at": "2021-07-19T14:45:03.327Z", "is_active": true}}, {"model": "ai_staff.currencies", "pk": 94, "fields": {"deleted_at": null, "currency": "Maldivian rufiyaa", "currency_code": "MVR", "created_at": "2021-07-19T14:45:03.336Z", "updated_at": "2021-07-19T14:45:03.336Z", "is_active": true}}, {"model": "ai_staff.currencies", "pk": 95, "fields": {"deleted_at": null, "currency": "Malawian kwacha", "currency_code": "MWK", "created_at": "2021-07-19T14:45:03.339Z", "updated_at": "2021-07-19T14:45:03.339Z", "is_active": true}}, {"model": "ai_staff.currencies", "pk": 96, "fields": {"deleted_at": null, "currency": "Mexican peso", "currency_code": "MXN", "created_at": "2021-07-19T14:45:03.349Z", "updated_at": "2021-07-19T14:45:03.349Z", "is_active": true}}, {"model": "ai_staff.currencies", "pk": 97, "fields": {"deleted_at": null, "currency": "Malaysian ringgit", "currency_code": "MYR", "created_at": "2021-07-19T14:45:03.358Z", "updated_at": "2021-07-19T14:45:03.358Z", "is_active": true}}, {"model": "ai_staff.currencies", "pk": 98, "fields": {"deleted_at": null, "currency": "Mozambican metical", "currency_code": "MZN", "created_at": "2021-07-19T14:45:03.362Z", "updated_at": "2021-07-19T14:45:03.362Z", "is_active": true}}, {"model": "ai_staff.currencies", "pk": 99, "fields": {"deleted_at": null, "currency": "Namibian dollar", "currency_code": "NAD", "created_at": "2021-07-19T14:45:03.371Z", "updated_at": "2021-07-19T14:45:03.371Z", "is_active": true}}, {"model": "ai_staff.currencies", "pk": 100, "fields": {"deleted_at": null, "currency": "Nigerian naira", "currency_code": "NGN", "created_at": "2021-07-19T14:45:03.380Z", "updated_at": "2021-07-19T14:45:03.380Z", "is_active": true}}, {"model": "ai_staff.currencies", "pk": 101, "fields": {"deleted_at": null, "currency": "Nicaraguan córdoba", "currency_code": "NIO", "created_at": "2021-07-19T14:45:03.384Z", "updated_at": "2021-07-19T14:45:03.384Z", "is_active": true}}, {"model": "ai_staff.currencies", "pk": 102, "fields": {"deleted_at": null, "currency": "Norwegian krone", "currency_code": "NOK", "created_at": "2021-07-19T14:45:03.393Z", "updated_at": "2021-07-19T14:45:03.393Z", "is_active": true}}, {"model": "ai_staff.currencies", "pk": 103, "fields": {"deleted_at": null, "currency": "Nepalese rupee", "currency_code": "NPR", "created_at": "2021-07-19T14:45:03.402Z", "updated_at": "2021-07-19T14:45:03.402Z", "is_active": true}}, {"model": "ai_staff.currencies", "pk": 104, "fields": {"deleted_at": null, "currency": "New Zealand dollar", "currency_code": "NZD", "created_at": "2021-07-19T14:45:03.405Z", "updated_at": "2021-07-19T14:45:03.405Z", "is_active": true}}, {"model": "ai_staff.currencies", "pk": 105, "fields": {"deleted_at": null, "currency": "Omani rial", "currency_code": "OMR", "created_at": "2021-07-19T14:45:03.414Z", "updated_at": "2021-07-19T14:45:03.414Z", "is_active": true}}, {"model": "ai_staff.currencies", "pk": 106, "fields": {"deleted_at": null, "currency": "Panamanian balboa", "currency_code": "PAB", "created_at": "2021-07-19T14:45:03.423Z", "updated_at": "2021-07-19T14:45:03.423Z", "is_active": true}}, {"model": "ai_staff.currencies", "pk": 107, "fields": {"deleted_at": null, "currency": "Peruvian sol", "currency_code": "PEN", "created_at": "2021-07-19T14:45:03.427Z", "updated_at": "2021-07-19T14:45:03.427Z", "is_active": true}}, {"model": "ai_staff.currencies", "pk": 108, "fields": {"deleted_at": null, "currency": "Papua New Guinean kina", "currency_code": "PGK", "created_at": "2021-07-19T14:45:03.436Z", "updated_at": "2021-07-19T14:45:03.436Z", "is_active": true}}, {"model": "ai_staff.currencies", "pk": 109, "fields": {"deleted_at": null, "currency": "Philippine peso", "currency_code": "PHP", "created_at": "2021-07-19T14:45:03.453Z", "updated_at": "2021-07-19T14:45:03.453Z", "is_active": true}}, {"model": "ai_staff.currencies", "pk": 110, "fields": {"deleted_at": null, "currency": "Pakistani rupee", "currency_code": "PKR", "created_at": "2021-07-19T14:45:03.462Z", "updated_at": "2021-07-19T14:45:03.462Z", "is_active": true}}, {"model": "ai_staff.currencies", "pk": 111, "fields": {"deleted_at": null, "currency": "Polish złoty", "currency_code": "PLN", "created_at": "2021-07-19T14:45:03.471Z", "updated_at": "2021-07-19T14:45:03.471Z", "is_active": true}}, {"model": "ai_staff.currencies", "pk": 112, "fields": {"deleted_at": null, "currency": "Paraguayan guaraní", "currency_code": "PYG", "created_at": "2021-07-19T14:45:03.474Z", "updated_at": "2021-07-19T14:45:03.474Z", "is_active": true}}, {"model": "ai_staff.currencies", "pk": 113, "fields": {"deleted_at": null, "currency": "Qatari riyal", "currency_code": "QAR", "created_at": "2021-07-19T14:45:03.484Z", "updated_at": "2021-07-19T14:45:03.484Z", "is_active": true}}, {"model": "ai_staff.currencies", "pk": 114, "fields": {"deleted_at": null, "currency": "Romanian leu", "currency_code": "RON", "created_at": "2021-07-19T14:45:03.493Z", "updated_at": "2021-07-19T14:45:03.493Z", "is_active": true}}, {"model": "ai_staff.currencies", "pk": 115, "fields": {"deleted_at": null, "currency": "Serbian dinar", "currency_code": "RSD", "created_at": "2021-07-19T14:45:03.497Z", "updated_at": "2021-07-19T14:45:03.497Z", "is_active": true}}, {"model": "ai_staff.currencies", "pk": 116, "fields": {"deleted_at": null, "currency": "Russian ruble", "currency_code": "RUB", "created_at": "2021-07-19T14:45:03.506Z", "updated_at": "2021-07-19T14:45:03.506Z", "is_active": true}}, {"model": "ai_staff.currencies", "pk": 117, "fields": {"deleted_at": null, "currency": "Rwandan franc", "currency_code": "RWF", "created_at": "2021-07-19T14:45:03.515Z", "updated_at": "2021-07-19T14:45:03.515Z", "is_active": true}}, {"model": "ai_staff.currencies", "pk": 118, "fields": {"deleted_at": null, "currency": "Saudi riyal", "currency_code": "SAR", "created_at": "2021-07-19T14:45:03.518Z", "updated_at": "2021-07-19T14:45:03.518Z", "is_active": true}}, {"model": "ai_staff.currencies", "pk": 119, "fields": {"deleted_at": null, "currency": "Solomon Islands dollar", "currency_code": "SBD", "created_at": "2021-07-19T14:45:03.527Z", "updated_at": "2021-07-19T14:45:03.527Z", "is_active": true}}, {"model": "ai_staff.currencies", "pk": 120, "fields": {"deleted_at": null, "currency": "Seychelles rupee", "currency_code": "SCR", "created_at": "2021-07-19T14:45:03.537Z", "updated_at": "2021-07-19T14:45:03.537Z", "is_active": true}}, {"model": "ai_staff.currencies", "pk": 121, "fields": {"deleted_at": null, "currency": "Sudanese pound", "currency_code": "SDG", "created_at": "2021-07-19T14:45:03.540Z", "updated_at": "2021-07-19T14:45:03.540Z", "is_active": true}}, {"model": "ai_staff.currencies", "pk": 122, "fields": {"deleted_at": null, "currency": "Swedish krona/kronor", "currency_code": "SEK", "created_at": "2021-07-19T14:45:03.549Z", "updated_at": "2021-07-19T14:45:03.549Z", "is_active": true}}, {"model": "ai_staff.currencies", "pk": 123, "fields": {"deleted_at": null, "currency": "Singapore dollar", "currency_code": "SGD", "created_at": "2021-07-19T14:45:03.558Z", "updated_at": "2021-07-19T14:45:03.558Z", "is_active": true}}, {"model": "ai_staff.currencies", "pk": 124, "fields": {"deleted_at": null, "currency": "Saint Helena pound", "currency_code": "SHP", "created_at": "2021-07-19T14:45:03.561Z", "updated_at": "2021-07-19T14:45:03.561Z", "is_active": true}}, {"model": "ai_staff.currencies", "pk": 125, "fields": {"deleted_at": null, "currency": "Sierra Leonean leone", "currency_code": "SLL", "created_at": "2021-07-19T14:45:03.570Z", "updated_at": "2021-07-19T14:45:03.570Z", "is_active": true}}, {"model": "ai_staff.currencies", "pk": 126, "fields": {"deleted_at": null, "currency": "Somali shilling", "currency_code": "SOS", "created_at": "2021-07-19T14:45:03.573Z", "updated_at": "2021-07-19T14:45:03.573Z", "is_active": true}}, {"model": "ai_staff.currencies", "pk": 127, "fields": {"deleted_at": null, "currency": "Surinamese dollar", "currency_code": "SRD", "created_at": "2021-07-19T14:45:03.582Z", "updated_at": "2021-07-19T14:45:03.582Z", "is_active": true}}, {"model": "ai_staff.currencies", "pk": 128, "fields": {"deleted_at": null, "currency": "South Sudanese pound", "currency_code": "SSP", "created_at": "2021-07-19T14:45:03.586Z", "updated_at": "2021-07-19T14:45:03.586Z", "is_active": true}}, {"model": "ai_staff.currencies", "pk": 129, "fields": {"deleted_at": null, "currency": "São Tomé and Príncipe dobra", "currency_code": "STN[13]", "created_at": "2021-07-19T14:45:03.589Z", "updated_at": "2021-07-19T14:45:03.589Z", "is_active": true}}, {"model": "ai_staff.currencies", "pk": 130, "fields": {"deleted_at": null, "currency": "Salvadoran colón", "currency_code": "SVC", "created_at": "2021-07-19T14:45:03.598Z", "updated_at": "2021-07-19T14:45:03.598Z", "is_active": true}}, {"model": "ai_staff.currencies", "pk": 131, "fields": {"deleted_at": null, "currency": "Syrian pound", "currency_code": "SYP", "created_at": "2021-07-19T14:45:03.602Z", "updated_at": "2021-07-19T14:45:03.602Z", "is_active": true}}, {"model": "ai_staff.currencies", "pk": 132, "fields": {"deleted_at": null, "currency": "Swazi lilangeni", "currency_code": "SZL", "created_at": "2021-07-19T14:45:03.605Z", "updated_at": "2021-07-19T14:45:03.605Z", "is_active": true}}, {"model": "ai_staff.currencies", "pk": 133, "fields": {"deleted_at": null, "currency": "Thai baht", "currency_code": "THB", "created_at": "2021-07-19T14:45:03.614Z", "updated_at": "2021-07-19T14:45:03.614Z", "is_active": true}}, {"model": "ai_staff.currencies", "pk": 134, "fields": {"deleted_at": null, "currency": "Tajikistani somoni", "currency_code": "TJS", "created_at": "2021-07-19T14:45:03.618Z", "updated_at": "2021-07-19T14:45:03.618Z", "is_active": true}}, {"model": "ai_staff.currencies", "pk": 135, "fields": {"deleted_at": null, "currency": "Turkmenistan manat", "currency_code": "TMT", "created_at": "2021-07-19T14:45:03.621Z", "updated_at": "2021-07-19T14:45:03.621Z", "is_active": true}}, {"model": "ai_staff.currencies", "pk": 136, "fields": {"deleted_at": null, "currency": "Tunisian dinar", "currency_code": "TND", "created_at": "2021-07-19T14:45:03.630Z", "updated_at": "2021-07-19T14:45:03.630Z", "is_active": true}}, {"model": "ai_staff.currencies", "pk": 137, "fields": {"deleted_at": null, "currency": "Tongan paʻanga", "currency_code": "TOP", "created_at": "2021-07-19T14:45:03.636Z", "updated_at": "2021-07-19T14:45:03.636Z", "is_active": true}}, {"model": "ai_staff.currencies", "pk": 138, "fields": {"deleted_at": null, "currency": "Turkish lira", "currency_code": "TRY", "created_at": "2021-07-19T14:45:03.639Z", "updated_at": "2021-07-19T14:45:03.639Z", "is_active": true}}, {"model": "ai_staff.currencies", "pk": 139, "fields": {"deleted_at": null, "currency": "Trinidad and Tobago dollar", "currency_code": "TTD", "created_at": "2021-07-19T14:45:03.648Z", "updated_at": "2021-07-19T14:45:03.648Z", "is_active": true}}, {"model": "ai_staff.currencies", "pk": 140, "fields": {"deleted_at": null, "currency": "New Taiwan dollar", "currency_code": "TWD", "created_at": "2021-07-19T14:45:03.651Z", "updated_at": "2021-07-19T14:45:03.651Z", "is_active": true}}, {"model": "ai_staff.currencies", "pk": 141, "fields": {"deleted_at": null, "currency": "Tanzanian shilling", "currency_code": "TZS", "created_at": "2021-07-19T14:45:03.654Z", "updated_at": "2021-07-19T14:45:03.654Z", "is_active": true}}, {"model": "ai_staff.currencies", "pk": 142, "fields": {"deleted_at": null, "currency": "Ukrainian hryvnia", "currency_code": "UAH", "created_at": "2021-07-19T14:45:03.666Z", "updated_at": "2021-07-19T14:45:03.666Z", "is_active": true}}, {"model": "ai_staff.currencies", "pk": 143, "fields": {"deleted_at": null, "currency": "Ugandan shilling", "currency_code": "UGX", "created_at": "2021-07-19T14:45:03.669Z", "updated_at": "2021-07-19T14:45:03.669Z", "is_active": true}}, {"model": "ai_staff.currencies", "pk": 144, "fields": {"deleted_at": null, "currency": "United States dollar", "currency_code": "USD", "created_at": "2021-07-19T14:45:03.672Z", "updated_at": "2021-07-19T14:45:03.672Z", "is_active": true}}, {"model": "ai_staff.currencies", "pk": 145, "fields": {"deleted_at": null, "currency": "Uruguayan peso", "currency_code": "UYU", "created_at": "2021-07-19T14:45:03.681Z", "updated_at": "2021-07-19T14:45:03.681Z", "is_active": true}}, {"model": "ai_staff.currencies", "pk": 146, "fields": {"deleted_at": null, "currency": "Uzbekistan som", "currency_code": "UZS", "created_at": "2021-07-19T14:45:03.684Z", "updated_at": "2021-07-19T14:45:03.684Z", "is_active": true}}, {"model": "ai_staff.currencies", "pk": 147, "fields": {"deleted_at": null, "currency": "Venezuelan bolívar soberano", "currency_code": "VES", "created_at": "2021-07-19T14:45:03.687Z", "updated_at": "2021-07-19T14:45:03.687Z", "is_active": true}}, {"model": "ai_staff.currencies", "pk": 148, "fields": {"deleted_at": null, "currency": "Vietnamese đồng", "currency_code": "VND", "created_at": "2021-07-19T14:45:03.704Z", "updated_at": "2021-07-19T14:45:03.704Z", "is_active": true}}, {"model": "ai_staff.currencies", "pk": 149, "fields": {"deleted_at": null, "currency": "Vanuatu vatu", "currency_code": "VUV", "created_at": "2021-07-19T14:45:03.707Z", "updated_at": "2021-07-19T14:45:03.707Z", "is_active": true}}, {"model": "ai_staff.currencies", "pk": 150, "fields": {"deleted_at": null, "currency": "Samoan tala", "currency_code": "WST", "created_at": "2021-07-19T14:45:03.710Z", "updated_at": "2021-07-19T14:45:03.710Z", "is_active": true}}, {"model": "ai_staff.currencies", "pk": 151, "fields": {"deleted_at": null, "currency": "East Caribbean dollar", "currency_code": "XCD", "created_at": "2021-07-19T14:45:03.727Z", "updated_at": "2021-07-19T14:45:03.727Z", "is_active": true}}, {"model": "ai_staff.currencies", "pk": 152, "fields": {"deleted_at": null, "currency": "Yemeni rial", "currency_code": "YER", "created_at": "2021-07-19T14:45:03.731Z", "updated_at": "2021-07-19T14:45:03.731Z", "is_active": true}}, {"model": "ai_staff.currencies", "pk": 153, "fields": {"deleted_at": null, "currency": "South African rand", "currency_code": "ZAR", "created_at": "2021-07-19T14:45:03.734Z", "updated_at": "2021-07-19T14:45:03.734Z", "is_active": true}}, {"model": "ai_staff.currencies", "pk": 154, "fields": {"deleted_at": null, "currency": "Zambian kwacha", "currency_code": "ZMW", "created_at": "2021-07-19T14:45:03.743Z", "updated_at": "2021-07-19T14:45:03.743Z", "is_active": true}}, {"model": "ai_staff.currencies", "pk": 155, "fields": {"deleted_at": null, "currency": "Zimbabwean dollar", "currency_code": "ZWL", "created_at": "2021-07-19T14:45:03.747Z", "updated_at": "2021-07-19T14:45:03.747Z", "is_active": true}}]