[{"model": "ai_staff.indianstates", "pk": 1, "fields": {"deleted_at": null, "state_name": "JAMMU AND KASHMIR", "state_code": "JK", "tin_num": 1, "created_at": "2021-09-15T09:16:07.179Z", "updated_at": "2021-09-15T09:16:07.179Z", "is_active": true}}, {"model": "ai_staff.indianstates", "pk": 2, "fields": {"deleted_at": null, "state_name": "HIMACHAL PRADESH", "state_code": "HP", "tin_num": 2, "created_at": "2021-09-15T09:16:07.182Z", "updated_at": "2021-09-15T09:16:07.182Z", "is_active": true}}, {"model": "ai_staff.indianstates", "pk": 3, "fields": {"deleted_at": null, "state_name": "PUNJAB", "state_code": "PB", "tin_num": 3, "created_at": "2021-09-15T09:16:07.183Z", "updated_at": "2021-09-15T09:16:07.183Z", "is_active": true}}, {"model": "ai_staff.indianstates", "pk": 4, "fields": {"deleted_at": null, "state_name": "CHANDIGARH", "state_code": "CH", "tin_num": 4, "created_at": "2021-09-15T09:16:07.184Z", "updated_at": "2021-09-15T09:16:07.184Z", "is_active": true}}, {"model": "ai_staff.indianstates", "pk": 5, "fields": {"deleted_at": null, "state_name": "UTTARAKHAND", "state_code": "UT", "tin_num": 5, "created_at": "2021-09-15T09:16:07.185Z", "updated_at": "2021-09-15T09:16:07.185Z", "is_active": true}}, {"model": "ai_staff.indianstates", "pk": 6, "fields": {"deleted_at": null, "state_name": "HARYANA", "state_code": "HR", "tin_num": 6, "created_at": "2021-09-15T09:16:07.186Z", "updated_at": "2021-09-15T09:16:07.186Z", "is_active": true}}, {"model": "ai_staff.indianstates", "pk": 7, "fields": {"deleted_at": null, "state_name": "DELHI", "state_code": "DL", "tin_num": 7, "created_at": "2021-09-15T09:16:07.187Z", "updated_at": "2021-09-15T09:16:07.187Z", "is_active": true}}, {"model": "ai_staff.indianstates", "pk": 8, "fields": {"deleted_at": null, "state_name": "RAJASTHAN", "state_code": "RJ", "tin_num": 8, "created_at": "2021-09-15T09:16:07.188Z", "updated_at": "2021-09-15T09:16:07.188Z", "is_active": true}}, {"model": "ai_staff.indianstates", "pk": 9, "fields": {"deleted_at": null, "state_name": "UTTAR PRADESH", "state_code": "UP", "tin_num": 9, "created_at": "2021-09-15T09:16:07.189Z", "updated_at": "2021-09-15T09:16:07.189Z", "is_active": true}}, {"model": "ai_staff.indianstates", "pk": 10, "fields": {"deleted_at": null, "state_name": "BIHAR", "state_code": "BH", "tin_num": 10, "created_at": "2021-09-15T09:16:07.190Z", "updated_at": "2021-09-15T09:16:07.190Z", "is_active": true}}, {"model": "ai_staff.indianstates", "pk": 11, "fields": {"deleted_at": null, "state_name": "SIKKIM", "state_code": "SK", "tin_num": 11, "created_at": "2021-09-15T09:16:07.191Z", "updated_at": "2021-09-15T09:16:07.191Z", "is_active": true}}, {"model": "ai_staff.indianstates", "pk": 12, "fields": {"deleted_at": null, "state_name": "ARUNACHAL PRADESH", "state_code": "AR", "tin_num": 12, "created_at": "2021-09-15T09:16:07.192Z", "updated_at": "2021-09-15T09:16:07.192Z", "is_active": true}}, {"model": "ai_staff.indianstates", "pk": 13, "fields": {"deleted_at": null, "state_name": "NAGALAND", "state_code": "NL", "tin_num": 13, "created_at": "2021-09-15T09:16:07.193Z", "updated_at": "2021-09-15T09:16:07.193Z", "is_active": true}}, {"model": "ai_staff.indianstates", "pk": 14, "fields": {"deleted_at": null, "state_name": "MANIPUR", "state_code": "MN", "tin_num": 14, "created_at": "2021-09-15T09:16:07.194Z", "updated_at": "2021-09-15T09:16:07.194Z", "is_active": true}}, {"model": "ai_staff.indianstates", "pk": 15, "fields": {"deleted_at": null, "state_name": "MIZORAM", "state_code": "MI", "tin_num": 15, "created_at": "2021-09-15T09:16:07.195Z", "updated_at": "2021-09-15T09:16:07.195Z", "is_active": true}}, {"model": "ai_staff.indianstates", "pk": 16, "fields": {"deleted_at": null, "state_name": "TRIPURA", "state_code": "TR", "tin_num": 16, "created_at": "2021-09-15T09:16:07.196Z", "updated_at": "2021-09-15T09:16:07.196Z", "is_active": true}}, {"model": "ai_staff.indianstates", "pk": 17, "fields": {"deleted_at": null, "state_name": "MEGHLAYA", "state_code": "ME", "tin_num": 17, "created_at": "2021-09-15T09:16:07.198Z", "updated_at": "2021-09-15T09:16:07.198Z", "is_active": true}}, {"model": "ai_staff.indianstates", "pk": 18, "fields": {"deleted_at": null, "state_name": "ASSAM", "state_code": "AS", "tin_num": 18, "created_at": "2021-09-15T09:16:07.199Z", "updated_at": "2021-09-15T09:16:07.199Z", "is_active": true}}, {"model": "ai_staff.indianstates", "pk": 19, "fields": {"deleted_at": null, "state_name": "WEST BENGAL", "state_code": "WB", "tin_num": 19, "created_at": "2021-09-15T09:16:07.200Z", "updated_at": "2021-09-15T09:16:07.200Z", "is_active": true}}, {"model": "ai_staff.indianstates", "pk": 20, "fields": {"deleted_at": null, "state_name": "JHARKHAND", "state_code": "JH", "tin_num": 20, "created_at": "2021-09-15T09:16:07.202Z", "updated_at": "2021-09-15T09:16:07.202Z", "is_active": true}}, {"model": "ai_staff.indianstates", "pk": 21, "fields": {"deleted_at": null, "state_name": "ODISHA", "state_code": "OR", "tin_num": 21, "created_at": "2021-09-15T09:16:07.203Z", "updated_at": "2021-09-15T09:16:07.203Z", "is_active": true}}, {"model": "ai_staff.indianstates", "pk": 22, "fields": {"deleted_at": null, "state_name": "CHATTISGARH", "state_code": "CT", "tin_num": 22, "created_at": "2021-09-15T09:16:07.203Z", "updated_at": "2021-09-15T09:16:07.203Z", "is_active": true}}, {"model": "ai_staff.indianstates", "pk": 23, "fields": {"deleted_at": null, "state_name": "MADHYA PRADESH", "state_code": "MP", "tin_num": 23, "created_at": "2021-09-15T09:16:07.204Z", "updated_at": "2021-09-15T09:16:07.204Z", "is_active": true}}, {"model": "ai_staff.indianstates", "pk": 24, "fields": {"deleted_at": null, "state_name": "GUJARAT", "state_code": "GJ", "tin_num": 24, "created_at": "2021-09-15T09:16:07.205Z", "updated_at": "2021-09-15T09:16:07.205Z", "is_active": true}}, {"model": "ai_staff.indianstates", "pk": 25, "fields": {"deleted_at": null, "state_name": "DAMAN AND DIU", "state_code": "DD", "tin_num": 25, "created_at": "2021-09-15T09:16:07.206Z", "updated_at": "2021-09-15T09:16:07.206Z", "is_active": true}}, {"model": "ai_staff.indianstates", "pk": 26, "fields": {"deleted_at": null, "state_name": "DADRA AND NAGAR HAVELI", "state_code": "DN", "tin_num": 26, "created_at": "2021-09-15T09:16:07.207Z", "updated_at": "2021-09-15T09:16:07.207Z", "is_active": true}}, {"model": "ai_staff.indianstates", "pk": 27, "fields": {"deleted_at": null, "state_name": "MAHARASHTRA", "state_code": "MH", "tin_num": 27, "created_at": "2021-09-15T09:16:07.208Z", "updated_at": "2021-09-15T09:16:07.208Z", "is_active": true}}, {"model": "ai_staff.indianstates", "pk": 29, "fields": {"deleted_at": null, "state_name": "KARNATAKA", "state_code": "KA", "tin_num": 29, "created_at": "2021-09-15T09:16:07.210Z", "updated_at": "2021-09-15T09:16:07.210Z", "is_active": true}}, {"model": "ai_staff.indianstates", "pk": 30, "fields": {"deleted_at": null, "state_name": "GOA", "state_code": "GA", "tin_num": 30, "created_at": "2021-09-15T09:16:07.211Z", "updated_at": "2021-09-15T09:16:07.211Z", "is_active": true}}, {"model": "ai_staff.indianstates", "pk": 31, "fields": {"deleted_at": null, "state_name": "TAMIL NADU", "state_code": "TN", "tin_num": 33, "created_at": "2021-09-15T09:16:07.212Z", "updated_at": "2021-09-15T09:16:07.212Z", "is_active": true}}, {"model": "ai_staff.indianstates", "pk": 32, "fields": {"deleted_at": null, "state_name": "KERALA", "state_code": "KL", "tin_num": 32, "created_at": "2021-09-15T09:16:07.213Z", "updated_at": "2021-09-15T09:16:07.213Z", "is_active": true}}, {"model": "ai_staff.indianstates", "pk": 33, "fields": {"deleted_at": null, "state_name": "PUDUCHERRY", "state_code": "PY", "tin_num": 34, "created_at": "2021-09-15T09:16:07.214Z", "updated_at": "2021-09-15T09:16:07.214Z", "is_active": true}}, {"model": "ai_staff.indianstates", "pk": 34, "fields": {"deleted_at": null, "state_name": "ANDAMAN AND NICOBAR ISLANDS", "state_code": "AN", "tin_num": 35, "created_at": "2021-09-15T09:16:07.215Z", "updated_at": "2021-09-15T09:16:07.215Z", "is_active": true}}, {"model": "ai_staff.indianstates", "pk": 35, "fields": {"deleted_at": null, "state_name": "TELANGANA", "state_code": "TS", "tin_num": 36, "created_at": "2021-09-15T09:16:07.216Z", "updated_at": "2021-09-15T09:16:07.216Z", "is_active": true}}, {"model": "ai_staff.indianstates", "pk": 36, "fields": {"deleted_at": null, "state_name": "ANDHRA PRADESH (NEW)", "state_code": "AD", "tin_num": 37, "created_at": "2021-09-15T09:16:07.217Z", "updated_at": "2021-09-15T09:16:07.217Z", "is_active": true}}]