[{"model": "ai_staff.languages", "pk": 1, "fields": {"deleted_at": null, "language": "Afrikaans", "created_at": "2021-07-19T15:15:41.041Z", "updated_at": "2021-07-19T15:15:41.041Z"}}, {"model": "ai_staff.languages", "pk": 2, "fields": {"deleted_at": null, "language": "Albanian", "created_at": "2021-07-19T15:15:41.058Z", "updated_at": "2021-07-19T15:15:41.058Z"}}, {"model": "ai_staff.languages", "pk": 3, "fields": {"deleted_at": null, "language": "Amharic", "created_at": "2021-07-19T15:15:41.067Z", "updated_at": "2021-07-19T15:15:41.067Z"}}, {"model": "ai_staff.languages", "pk": 4, "fields": {"deleted_at": null, "language": "Arabic", "created_at": "2021-07-19T15:15:41.071Z", "updated_at": "2021-07-19T15:15:41.071Z"}}, {"model": "ai_staff.languages", "pk": 5, "fields": {"deleted_at": null, "language": "Armenian", "created_at": "2021-07-19T15:15:41.080Z", "updated_at": "2021-07-19T15:15:41.080Z"}}, {"model": "ai_staff.languages", "pk": 6, "fields": {"deleted_at": null, "language": "Azerbaijani", "created_at": "2021-07-19T15:15:41.090Z", "updated_at": "2021-07-19T15:15:41.090Z"}}, {"model": "ai_staff.languages", "pk": 7, "fields": {"deleted_at": null, "language": "Basque", "created_at": "2021-07-19T15:15:41.095Z", "updated_at": "2021-07-19T15:15:41.095Z"}}, {"model": "ai_staff.languages", "pk": 8, "fields": {"deleted_at": null, "language": "Belarusian", "created_at": "2021-07-19T15:15:41.104Z", "updated_at": "2021-07-19T15:15:41.104Z"}}, {"model": "ai_staff.languages", "pk": 9, "fields": {"deleted_at": null, "language": "Bosnian", "created_at": "2021-07-19T15:15:41.114Z", "updated_at": "2021-07-19T15:15:41.114Z"}}, {"model": "ai_staff.languages", "pk": 10, "fields": {"deleted_at": null, "language": "Bulgarian", "created_at": "2021-07-19T15:15:41.118Z", "updated_at": "2021-07-19T15:15:41.118Z"}}, {"model": "ai_staff.languages", "pk": 11, "fields": {"deleted_at": null, "language": "Catalan", "created_at": "2021-07-19T15:15:41.127Z", "updated_at": "2021-07-19T15:15:41.127Z"}}, {"model": "ai_staff.languages", "pk": 12, "fields": {"deleted_at": null, "language": "Chinese", "created_at": "2021-07-19T15:15:41.137Z", "updated_at": "2021-07-19T15:15:41.137Z"}}, {"model": "ai_staff.languages", "pk": 13, "fields": {"deleted_at": null, "language": "Croatian", "created_at": "2021-07-19T15:15:41.141Z", "updated_at": "2021-07-19T15:15:41.141Z"}}, {"model": "ai_staff.languages", "pk": 14, "fields": {"deleted_at": null, "language": "Czech", "created_at": "2021-07-19T15:15:41.150Z", "updated_at": "2021-07-19T15:15:41.150Z"}}, {"model": "ai_staff.languages", "pk": 15, "fields": {"deleted_at": null, "language": "Danish", "created_at": "2021-07-19T15:15:41.160Z", "updated_at": "2021-07-19T15:15:41.160Z"}}, {"model": "ai_staff.languages", "pk": 16, "fields": {"deleted_at": null, "language": "Dutch", "created_at": "2021-07-19T15:15:41.164Z", "updated_at": "2021-07-19T15:15:41.164Z"}}, {"model": "ai_staff.languages", "pk": 17, "fields": {"deleted_at": null, "language": "English", "created_at": "2021-07-19T15:15:41.174Z", "updated_at": "2021-07-19T15:15:41.174Z"}}, {"model": "ai_staff.languages", "pk": 18, "fields": {"deleted_at": null, "language": "Esperanto", "created_at": "2021-07-19T15:15:41.184Z", "updated_at": "2021-07-19T15:15:41.184Z"}}, {"model": "ai_staff.languages", "pk": 19, "fields": {"deleted_at": null, "language": "Estonian", "created_at": "2021-07-19T15:15:41.188Z", "updated_at": "2021-07-19T15:15:41.188Z"}}, {"model": "ai_staff.languages", "pk": 20, "fields": {"deleted_at": null, "language": "Filipino", "created_at": "2021-07-19T15:15:41.201Z", "updated_at": "2021-07-19T15:15:41.201Z"}}, {"model": "ai_staff.languages", "pk": 21, "fields": {"deleted_at": null, "language": "Finnish", "created_at": "2021-07-19T15:15:41.212Z", "updated_at": "2021-07-19T15:15:41.212Z"}}, {"model": "ai_staff.languages", "pk": 22, "fields": {"deleted_at": null, "language": "French", "created_at": "2021-07-19T15:15:41.222Z", "updated_at": "2021-07-19T15:15:41.222Z"}}, {"model": "ai_staff.languages", "pk": 23, "fields": {"deleted_at": null, "language": "Frisian", "created_at": "2021-07-19T15:15:41.226Z", "updated_at": "2021-07-19T15:15:41.226Z"}}, {"model": "ai_staff.languages", "pk": 24, "fields": {"deleted_at": null, "language": "Galician", "created_at": "2021-07-19T15:15:41.235Z", "updated_at": "2021-07-19T15:15:41.235Z"}}, {"model": "ai_staff.languages", "pk": 25, "fields": {"deleted_at": null, "language": "Georgian", "created_at": "2021-07-19T15:15:41.245Z", "updated_at": "2021-07-19T15:15:41.245Z"}}, {"model": "ai_staff.languages", "pk": 26, "fields": {"deleted_at": null, "language": "German", "created_at": "2021-07-19T15:15:41.250Z", "updated_at": "2021-07-19T15:15:41.250Z"}}, {"model": "ai_staff.languages", "pk": 27, "fields": {"deleted_at": null, "language": "Greek", "created_at": "2021-07-19T15:15:41.262Z", "updated_at": "2021-07-19T15:15:41.262Z"}}, {"model": "ai_staff.languages", "pk": 28, "fields": {"deleted_at": null, "language": "Gujarati", "created_at": "2021-07-19T15:15:41.272Z", "updated_at": "2021-07-19T15:15:41.272Z"}}, {"model": "ai_staff.languages", "pk": 29, "fields": {"deleted_at": null, "language": "Hausa", "created_at": "2021-07-19T15:15:41.276Z", "updated_at": "2021-07-19T15:15:41.276Z"}}, {"model": "ai_staff.languages", "pk": 30, "fields": {"deleted_at": null, "language": "Hawaiian", "created_at": "2021-07-19T15:15:41.285Z", "updated_at": "2021-07-19T15:15:41.286Z"}}, {"model": "ai_staff.languages", "pk": 31, "fields": {"deleted_at": null, "language": "Hebrew", "created_at": "2021-07-19T15:15:41.296Z", "updated_at": "2021-07-19T15:15:41.296Z"}}, {"model": "ai_staff.languages", "pk": 32, "fields": {"deleted_at": null, "language": "Hindi", "created_at": "2021-07-19T15:15:41.300Z", "updated_at": "2021-07-19T15:15:41.300Z"}}, {"model": "ai_staff.languages", "pk": 33, "fields": {"deleted_at": null, "language": "Hungarian", "created_at": "2021-07-19T15:15:41.310Z", "updated_at": "2021-07-19T15:15:41.310Z"}}, {"model": "ai_staff.languages", "pk": 34, "fields": {"deleted_at": null, "language": "Icelandic", "created_at": "2021-07-19T15:15:41.320Z", "updated_at": "2021-07-19T15:15:41.320Z"}}, {"model": "ai_staff.languages", "pk": 35, "fields": {"deleted_at": null, "language": "Igbo", "created_at": "2021-07-19T15:15:41.325Z", "updated_at": "2021-07-19T15:15:41.325Z"}}, {"model": "ai_staff.languages", "pk": 36, "fields": {"deleted_at": null, "language": "Indonesian", "created_at": "2021-07-19T15:15:41.335Z", "updated_at": "2021-07-19T15:15:41.335Z"}}, {"model": "ai_staff.languages", "pk": 37, "fields": {"deleted_at": null, "language": "Irish", "created_at": "2021-07-19T15:15:41.352Z", "updated_at": "2021-07-19T15:15:41.352Z"}}, {"model": "ai_staff.languages", "pk": 38, "fields": {"deleted_at": null, "language": "Italian", "created_at": "2021-07-19T15:15:41.356Z", "updated_at": "2021-07-19T15:15:41.356Z"}}, {"model": "ai_staff.languages", "pk": 39, "fields": {"deleted_at": null, "language": "Japanese", "created_at": "2021-07-19T15:15:41.366Z", "updated_at": "2021-07-19T15:15:41.366Z"}}, {"model": "ai_staff.languages", "pk": 40, "fields": {"deleted_at": null, "language": "Kannada", "created_at": "2021-07-19T15:15:41.370Z", "updated_at": "2021-07-19T15:15:41.370Z"}}, {"model": "ai_staff.languages", "pk": 41, "fields": {"deleted_at": null, "language": "Kazakh", "created_at": "2021-07-19T15:15:41.374Z", "updated_at": "2021-07-19T15:15:41.374Z"}}, {"model": "ai_staff.languages", "pk": 42, "fields": {"deleted_at": null, "language": "Khmer", "created_at": "2021-07-19T15:15:41.384Z", "updated_at": "2021-07-19T15:15:41.384Z"}}, {"model": "ai_staff.languages", "pk": 43, "fields": {"deleted_at": null, "language": "Kinyarwanda", "created_at": "2021-07-19T15:15:41.388Z", "updated_at": "2021-07-19T15:15:41.388Z"}}, {"model": "ai_staff.languages", "pk": 44, "fields": {"deleted_at": null, "language": "Korean", "created_at": "2021-07-19T15:15:41.392Z", "updated_at": "2021-07-19T15:15:41.392Z"}}, {"model": "ai_staff.languages", "pk": 45, "fields": {"deleted_at": null, "language": "Kyrgyz", "created_at": "2021-07-19T15:15:41.401Z", "updated_at": "2021-07-19T15:15:41.401Z"}}, {"model": "ai_staff.languages", "pk": 46, "fields": {"deleted_at": null, "language": "Lao", "created_at": "2021-07-19T15:15:41.405Z", "updated_at": "2021-07-19T15:15:41.405Z"}}, {"model": "ai_staff.languages", "pk": 47, "fields": {"deleted_at": null, "language": "Latvian", "created_at": "2021-07-19T15:15:41.409Z", "updated_at": "2021-07-19T15:15:41.409Z"}}, {"model": "ai_staff.languages", "pk": 48, "fields": {"deleted_at": null, "language": "Lithuanian", "created_at": "2021-07-19T15:15:41.420Z", "updated_at": "2021-07-19T15:15:41.420Z"}}, {"model": "ai_staff.languages", "pk": 49, "fields": {"deleted_at": null, "language": "Luxembourgish", "created_at": "2021-07-19T15:15:41.424Z", "updated_at": "2021-07-19T15:15:41.424Z"}}, {"model": "ai_staff.languages", "pk": 50, "fields": {"deleted_at": null, "language": "Macedonian", "created_at": "2021-07-19T15:15:41.428Z", "updated_at": "2021-07-19T15:15:41.428Z"}}, {"model": "ai_staff.languages", "pk": 51, "fields": {"deleted_at": null, "language": "Malagasy", "created_at": "2021-07-19T15:15:41.438Z", "updated_at": "2021-07-19T15:15:41.438Z"}}, {"model": "ai_staff.languages", "pk": 52, "fields": {"deleted_at": null, "language": "Malay", "created_at": "2021-07-19T15:15:41.442Z", "updated_at": "2021-07-19T15:15:41.442Z"}}, {"model": "ai_staff.languages", "pk": 53, "fields": {"deleted_at": null, "language": "Malayalam", "created_at": "2021-07-19T15:15:41.446Z", "updated_at": "2021-07-19T15:15:41.446Z"}}, {"model": "ai_staff.languages", "pk": 54, "fields": {"deleted_at": null, "language": "Maltese", "created_at": "2021-07-19T15:15:41.456Z", "updated_at": "2021-07-19T15:15:41.456Z"}}, {"model": "ai_staff.languages", "pk": 55, "fields": {"deleted_at": null, "language": "Marathi", "created_at": "2021-07-19T15:15:41.461Z", "updated_at": "2021-07-19T15:15:41.461Z"}}, {"model": "ai_staff.languages", "pk": 56, "fields": {"deleted_at": null, "language": "Mongolian", "created_at": "2021-07-19T15:15:41.465Z", "updated_at": "2021-07-19T15:15:41.465Z"}}, {"model": "ai_staff.languages", "pk": 57, "fields": {"deleted_at": null, "language": "Myanmar (Burmese)", "created_at": "2021-07-19T15:15:41.475Z", "updated_at": "2021-07-19T15:15:41.475Z"}}, {"model": "ai_staff.languages", "pk": 58, "fields": {"deleted_at": null, "language": "Nepali", "created_at": "2021-07-19T15:15:41.479Z", "updated_at": "2021-07-19T15:15:41.479Z"}}, {"model": "ai_staff.languages", "pk": 59, "fields": {"deleted_at": null, "language": "Odia (Oriya)", "created_at": "2021-07-19T15:15:41.482Z", "updated_at": "2021-07-19T15:15:41.482Z"}}, {"model": "ai_staff.languages", "pk": 60, "fields": {"deleted_at": null, "language": "Pashto", "created_at": "2021-07-19T15:15:41.492Z", "updated_at": "2021-07-19T15:15:41.492Z"}}, {"model": "ai_staff.languages", "pk": 61, "fields": {"deleted_at": null, "language": "Persian", "created_at": "2021-07-19T15:15:41.502Z", "updated_at": "2021-07-19T15:15:41.502Z"}}, {"model": "ai_staff.languages", "pk": 62, "fields": {"deleted_at": null, "language": "Polish", "created_at": "2021-07-19T15:15:41.512Z", "updated_at": "2021-07-19T15:15:41.512Z"}}, {"model": "ai_staff.languages", "pk": 63, "fields": {"deleted_at": null, "language": "Portuguese", "created_at": "2021-07-19T15:15:41.516Z", "updated_at": "2021-07-19T15:15:41.516Z"}}, {"model": "ai_staff.languages", "pk": 64, "fields": {"deleted_at": null, "language": "Punjabi", "created_at": "2021-07-19T15:15:41.526Z", "updated_at": "2021-07-19T15:15:41.526Z"}}, {"model": "ai_staff.languages", "pk": 65, "fields": {"deleted_at": null, "language": "Romanian", "created_at": "2021-07-19T15:15:41.535Z", "updated_at": "2021-07-19T15:15:41.535Z"}}, {"model": "ai_staff.languages", "pk": 66, "fields": {"deleted_at": null, "language": "Russian", "created_at": "2021-07-19T15:15:41.543Z", "updated_at": "2021-07-19T15:15:41.543Z"}}, {"model": "ai_staff.languages", "pk": 67, "fields": {"deleted_at": null, "language": "Serbian", "created_at": "2021-07-19T15:15:41.552Z", "updated_at": "2021-07-19T15:15:41.552Z"}}, {"model": "ai_staff.languages", "pk": 68, "fields": {"deleted_at": null, "language": "Shona", "created_at": "2021-07-19T15:15:41.562Z", "updated_at": "2021-07-19T15:15:41.562Z"}}, {"model": "ai_staff.languages", "pk": 69, "fields": {"deleted_at": null, "language": "Sinhala", "created_at": "2021-07-19T15:15:41.566Z", "updated_at": "2021-07-19T15:15:41.566Z"}}, {"model": "ai_staff.languages", "pk": 70, "fields": {"deleted_at": null, "language": "Slovak", "created_at": "2021-07-19T15:15:41.576Z", "updated_at": "2021-07-19T15:15:41.576Z"}}, {"model": "ai_staff.languages", "pk": 71, "fields": {"deleted_at": null, "language": "Slovenian", "created_at": "2021-07-19T15:15:41.585Z", "updated_at": "2021-07-19T15:15:41.585Z"}}, {"model": "ai_staff.languages", "pk": 72, "fields": {"deleted_at": null, "language": "Somali", "created_at": "2021-07-19T15:15:41.589Z", "updated_at": "2021-07-19T15:15:41.589Z"}}, {"model": "ai_staff.languages", "pk": 73, "fields": {"deleted_at": null, "language": "Spanish", "created_at": "2021-07-19T15:15:41.599Z", "updated_at": "2021-07-19T15:15:41.599Z"}}, {"model": "ai_staff.languages", "pk": 74, "fields": {"deleted_at": null, "language": "Swahili", "created_at": "2021-07-19T15:15:41.609Z", "updated_at": "2021-07-19T15:15:41.609Z"}}, {"model": "ai_staff.languages", "pk": 75, "fields": {"deleted_at": null, "language": "Swedish", "created_at": "2021-07-19T15:15:41.612Z", "updated_at": "2021-07-19T15:15:41.612Z"}}, {"model": "ai_staff.languages", "pk": 76, "fields": {"deleted_at": null, "language": "Tajik", "created_at": "2021-07-19T15:15:41.622Z", "updated_at": "2021-07-19T15:15:41.622Z"}}, {"model": "ai_staff.languages", "pk": 77, "fields": {"deleted_at": null, "language": "Tamil", "created_at": "2021-07-19T15:15:41.632Z", "updated_at": "2021-07-19T15:15:41.632Z"}}, {"model": "ai_staff.languages", "pk": 78, "fields": {"deleted_at": null, "language": "Tatar", "created_at": "2021-07-19T15:15:41.636Z", "updated_at": "2021-07-19T15:15:41.636Z"}}, {"model": "ai_staff.languages", "pk": 79, "fields": {"deleted_at": null, "language": "Telugu", "created_at": "2021-07-19T15:15:41.646Z", "updated_at": "2021-07-19T15:15:41.646Z"}}, {"model": "ai_staff.languages", "pk": 80, "fields": {"deleted_at": null, "language": "Thai", "created_at": "2021-07-19T15:15:41.656Z", "updated_at": "2021-07-19T15:15:41.656Z"}}, {"model": "ai_staff.languages", "pk": 81, "fields": {"deleted_at": null, "language": "Turkish", "created_at": "2021-07-19T15:15:41.660Z", "updated_at": "2021-07-19T15:15:41.661Z"}}, {"model": "ai_staff.languages", "pk": 82, "fields": {"deleted_at": null, "language": "Ukrainian", "created_at": "2021-07-19T15:15:41.671Z", "updated_at": "2021-07-19T15:15:41.671Z"}}, {"model": "ai_staff.languages", "pk": 83, "fields": {"deleted_at": null, "language": "Urdu", "created_at": "2021-07-19T15:15:41.681Z", "updated_at": "2021-07-19T15:15:41.681Z"}}, {"model": "ai_staff.languages", "pk": 84, "fields": {"deleted_at": null, "language": "Uyghur", "created_at": "2021-07-19T15:15:41.685Z", "updated_at": "2021-07-19T15:15:41.685Z"}}, {"model": "ai_staff.languages", "pk": 85, "fields": {"deleted_at": null, "language": "Uzbek", "created_at": "2021-07-19T15:15:41.695Z", "updated_at": "2021-07-19T15:15:41.695Z"}}, {"model": "ai_staff.languages", "pk": 86, "fields": {"deleted_at": null, "language": "Vietnamese", "created_at": "2021-07-19T15:15:41.705Z", "updated_at": "2021-07-19T15:15:41.705Z"}}, {"model": "ai_staff.languages", "pk": 87, "fields": {"deleted_at": null, "language": "Welsh", "created_at": "2021-07-19T15:15:41.709Z", "updated_at": "2021-07-19T15:15:41.709Z"}}, {"model": "ai_staff.languages", "pk": 88, "fields": {"deleted_at": null, "language": "Yiddish", "created_at": "2021-07-19T15:15:41.719Z", "updated_at": "2021-07-19T15:15:41.719Z"}}, {"model": "ai_staff.languages", "pk": 89, "fields": {"deleted_at": null, "language": "Yoruba", "created_at": "2021-07-19T15:15:41.728Z", "updated_at": "2021-07-19T15:15:41.728Z"}}, {"model": "ai_staff.languages", "pk": 90, "fields": {"deleted_at": null, "language": "Zulu", "created_at": "2021-07-19T15:15:41.732Z", "updated_at": "2021-07-19T15:15:41.732Z"}}, {"model": "ai_staff.languages", "pk": 91, "fields": {"deleted_at": null, "language": "Bangla", "created_at": "2021-07-19T15:15:41.742Z", "updated_at": "2021-07-19T15:15:41.742Z"}}, {"model": "ai_staff.languages", "pk": 92, "fields": {"deleted_at": null, "language": "Cebuano", "created_at": "2021-07-19T15:15:41.752Z", "updated_at": "2021-07-19T15:15:41.752Z"}}, {"model": "ai_staff.languages", "pk": 93, "fields": {"deleted_at": null, "language": "Corsican", "created_at": "2021-07-19T15:15:41.756Z", "updated_at": "2021-07-19T15:15:41.756Z"}}, {"model": "ai_staff.languages", "pk": 94, "fields": {"deleted_at": null, "language": "Haitian Creole", "created_at": "2021-07-19T15:15:41.766Z", "updated_at": "2021-07-19T15:15:41.766Z"}}, {"model": "ai_staff.languages", "pk": 95, "fields": {"deleted_at": null, "language": "Hmong", "created_at": "2021-07-19T15:15:41.776Z", "updated_at": "2021-07-19T15:15:41.776Z"}}, {"model": "ai_staff.languages", "pk": 96, "fields": {"deleted_at": null, "language": "Javanese", "created_at": "2021-07-19T15:15:41.780Z", "updated_at": "2021-07-19T15:15:41.780Z"}}, {"model": "ai_staff.languages", "pk": 97, "fields": {"deleted_at": null, "language": "Latin", "created_at": "2021-07-19T15:15:41.790Z", "updated_at": "2021-07-19T15:15:41.790Z"}}, {"model": "ai_staff.languages", "pk": 98, "fields": {"deleted_at": null, "language": "Maori", "created_at": "2021-07-19T15:15:41.808Z", "updated_at": "2021-07-19T15:15:41.808Z"}}, {"model": "ai_staff.languages", "pk": 99, "fields": {"deleted_at": null, "language": "Norwegian", "created_at": "2021-07-19T15:15:41.819Z", "updated_at": "2021-07-19T15:15:41.819Z"}}, {"model": "ai_staff.languages", "pk": 100, "fields": {"deleted_at": null, "language": "Samoan", "created_at": "2021-07-19T15:15:41.823Z", "updated_at": "2021-07-19T15:15:41.823Z"}}, {"model": "ai_staff.languages", "pk": 101, "fields": {"deleted_at": null, "language": "Sindhi", "created_at": "2021-07-19T15:15:41.833Z", "updated_at": "2021-07-19T15:15:41.833Z"}}, {"model": "ai_staff.languages", "pk": 102, "fields": {"deleted_at": null, "language": "Sundanese", "created_at": "2021-07-19T15:15:41.844Z", "updated_at": "2021-07-19T15:15:41.844Z"}}, {"model": "ai_staff.languages", "pk": 103, "fields": {"deleted_at": null, "language": "Turkmen", "created_at": "2021-07-19T15:15:41.848Z", "updated_at": "2021-07-19T15:15:41.848Z"}}, {"model": "ai_staff.languages", "pk": 104, "fields": {"deleted_at": null, "language": "Xhosa", "created_at": "2021-07-19T15:15:41.858Z", "updated_at": "2021-07-19T15:15:41.858Z"}}, {"model": "ai_staff.languages", "pk": 105, "fields": {"deleted_at": null, "language": "Faroese", "created_at": "2021-07-19T15:15:41.868Z", "updated_at": "2021-07-19T15:15:41.868Z"}}, {"model": "ai_staff.languages", "pk": 106, "fields": {"deleted_at": null, "language": "Farsi", "created_at": "2021-07-19T15:15:41.872Z", "updated_at": "2021-07-19T15:15:41.872Z"}}]