[{"model": "ai_staff.mtpeengines", "pk": 1, "fields": {"deleted_at": null, "name": "Amazon", "created_at": "2021-07-19T14:47:57.528Z", "updated_at": "2021-07-19T14:47:57.528Z", "is_active": true}}, {"model": "ai_staff.mtpeengines", "pk": 2, "fields": {"deleted_at": null, "name": "Baidu", "created_at": "2021-07-19T14:47:57.544Z", "updated_at": "2021-07-19T14:47:57.544Z", "is_active": true}}, {"model": "ai_staff.mtpeengines", "pk": 3, "fields": {"deleted_at": null, "name": "DeepL", "created_at": "2021-07-19T14:47:57.548Z", "updated_at": "2021-07-19T14:47:57.548Z", "is_active": true}}, {"model": "ai_staff.mtpeengines", "pk": 4, "fields": {"deleted_at": null, "name": "Google", "created_at": "2021-07-19T14:47:57.551Z", "updated_at": "2021-07-19T14:47:57.551Z", "is_active": true}}, {"model": "ai_staff.mtpeengines", "pk": 5, "fields": {"deleted_at": null, "name": "IBM Watson", "created_at": "2021-07-19T14:47:57.560Z", "updated_at": "2021-07-19T14:47:57.560Z", "is_active": true}}, {"model": "ai_staff.mtpeengines", "pk": 6, "fields": {"deleted_at": null, "name": "Microsoft", "created_at": "2021-07-19T14:47:57.563Z", "updated_at": "2021-07-19T14:47:57.563Z", "is_active": true}}, {"model": "ai_staff.mtpeengines", "pk": 7, "fields": {"deleted_at": null, "name": "ModernMT", "created_at": "2021-07-19T14:47:57.566Z", "updated_at": "2021-07-19T14:47:57.566Z", "is_active": true}}, {"model": "ai_staff.mtpeengines", "pk": 8, "fields": {"deleted_at": null, "name": "PROMT", "created_at": "2021-07-19T14:47:57.575Z", "updated_at": "2021-07-19T14:47:57.575Z", "is_active": true}}, {"model": "ai_staff.mtpeengines", "pk": 9, "fields": {"deleted_at": null, "name": "SDL", "created_at": "2021-07-19T14:47:57.579Z", "updated_at": "2021-07-19T14:47:57.579Z", "is_active": true}}, {"model": "ai_staff.mtpeengines", "pk": 10, "fields": {"deleted_at": null, "name": "Systran", "created_at": "2021-07-19T14:47:57.582Z", "updated_at": "2021-07-19T14:47:57.582Z", "is_active": true}}, {"model": "ai_staff.mtpeengines", "pk": 11, "fields": {"deleted_at": null, "name": "Tencent", "created_at": "2021-07-19T14:47:57.591Z", "updated_at": "2021-07-19T14:47:57.592Z", "is_active": true}}, {"model": "ai_staff.mtpeengines", "pk": 12, "fields": {"deleted_at": null, "name": "Tilde", "created_at": "2021-07-19T14:47:57.595Z", "updated_at": "2021-07-19T14:47:57.595Z", "is_active": true}}, {"model": "ai_staff.mtpeengines", "pk": 13, "fields": {"deleted_at": null, "name": "Yandex", "created_at": "2021-07-19T14:47:57.598Z", "updated_at": "2021-07-19T14:47:57.598Z", "is_active": true}}, {"model": "ai_staff.mtpeengines", "pk": 14, "fields": {"deleted_at": null, "name": "Naver", "created_at": "2021-07-19T14:47:57.607Z", "updated_at": "2021-07-19T14:47:57.607Z", "is_active": true}}, {"model": "ai_staff.mtpeengines", "pk": 15, "fields": {"deleted_at": null, "name": "Papago", "created_at": "2021-07-19T14:47:57.611Z", "updated_at": "2021-07-19T14:47:57.611Z", "is_active": true}}, {"model": "ai_staff.mtpeengines", "pk": 16, "fields": {"deleted_at": null, "name": "SAP", "created_at": "2021-07-19T14:47:57.614Z", "updated_at": "2021-07-19T14:47:57.614Z", "is_active": true}}, {"model": "ai_staff.mtpeengines", "pk": 17, "fields": {"deleted_at": null, "name": "Youdao", "created_at": "2021-07-19T14:47:57.623Z", "updated_at": "2021-07-19T14:47:57.623Z", "is_active": true}}, {"model": "ai_staff.mtpeengines", "pk": 18, "fields": {"deleted_at": null, "name": "PONS", "created_at": "2021-07-19T14:47:57.626Z", "updated_at": "2021-07-19T14:47:57.626Z", "is_active": true}}, {"model": "ai_staff.mtpeengines", "pk": 19, "fields": {"deleted_at": null, "name": "Apertium", "created_at": "2021-07-19T14:47:57.630Z", "updated_at": "2021-07-19T14:47:57.630Z", "is_active": true}}, {"model": "ai_staff.mtpeengines", "pk": 20, "fields": {"deleted_at": null, "name": "Lilt", "created_at": "2021-07-19T14:47:57.638Z", "updated_at": "2021-07-19T14:47:57.638Z", "is_active": true}}, {"model": "ai_staff.mtpeengines", "pk": 21, "fields": {"deleted_at": null, "name": "Other", "created_at": "2021-07-19T14:47:57.642Z", "updated_at": "2021-07-19T14:47:57.642Z", "is_active": true}}, {"model": "ai_staff.mtpeengines", "pk": 22, "fields": {"deleted_at": null, "name": "Test new MTPE Engine 1", "created_at": "2021-07-19T14:47:57.646Z", "updated_at": "2021-07-19T14:47:57.646Z", "is_active": true}}, {"model": "ai_staff.mtpeengines", "pk": 23, "fields": {"deleted_at": null, "name": "Langis", "created_at": "2021-07-19T14:47:57.654Z", "updated_at": "2021-07-19T14:47:57.655Z", "is_active": true}}, {"model": "ai_staff.mtpeengines", "pk": 24, "fields": {"deleted_at": null, "name": "Alibaba", "created_at": "2021-07-19T14:47:57.658Z", "updated_at": "2021-07-19T14:47:57.658Z", "is_active": true}}, {"model": "ai_staff.mtpeengines", "pk": 25, "fields": {"deleted_at": null, "name": "Cloud Translation", "created_at": "2021-07-19T14:47:57.661Z", "updated_at": "2021-07-19T14:47:57.661Z", "is_active": true}}, {"model": "ai_staff.mtpeengines", "pk": 26, "fields": {"deleted_at": null, "name": "Kakao Developers", "created_at": "2021-07-19T14:47:57.670Z", "updated_at": "2021-07-19T14:47:57.670Z", "is_active": true}}, {"model": "ai_staff.mtpeengines", "pk": 27, "fields": {"deleted_at": null, "name": "Prompt", "created_at": "2021-07-19T14:47:57.674Z", "updated_at": "2021-07-19T14:47:57.674Z", "is_active": true}}, {"model": "ai_staff.mtpeengines", "pk": 28, "fields": {"deleted_at": null, "name": "Sogou", "created_at": "2021-07-19T14:47:57.677Z", "updated_at": "2021-07-19T14:47:57.677Z", "is_active": true}}, {"model": "ai_staff.mtpeengines", "pk": 29, "fields": {"deleted_at": null, "name": "Omniscien Language Studio", "created_at": "2021-07-19T14:47:57.686Z", "updated_at": "2021-07-19T14:47:57.686Z", "is_active": true}}]