[{"model": "ai_staff.subscriptionpricing", "pk": 1, "fields": {"deleted_at": null, "stripe_product_id": "prod_Ju9q3lzqmvj2O8", "stripe_price_id": "price_1JQWziSAQeQ4W2LNzgKUjrIS", "plan": "Free", "monthly_price": 0, "annual_price": null, "discount": null, "currency": 144, "created_at": "2021-08-26T07:28:06.472Z", "updated_at": "2021-08-26T07:44:24.580Z"}}, {"model": "ai_staff.subscriptionpricing", "pk": 2, "fields": {"deleted_at": null, "stripe_product_id": "prod_Jyu7EmidXHHdAB", "stripe_price_id": "price_1JKwJ9SAQeQ4W2LN9ua8GgzM", "plan": "Pro", "monthly_price": 12, "annual_price": 9, "discount": "25", "currency": 144, "created_at": "2021-08-26T07:51:12.510Z", "updated_at": "2021-08-27T06:08:51.212Z"}}, {"model": "ai_staff.subscriptionpricing", "pk": 3, "fields": {"deleted_at": null, "stripe_product_id": null, "stripe_price_id": null, "plan": "Enterprise", "monthly_price": null, "annual_price": null, "discount": null, "currency": null, "created_at": "2021-08-26T07:59:10.183Z", "updated_at": "2021-08-26T07:59:10.183Z"}}]