[{"model": "ai_staff.subscriptionfeatures", "pk": 1, "fields": {"deleted_at": null, "features": "1000 Free words* everymonth", "description": "Word count is words processable by MT engines for a project, for every language pair and/or everytime a new MT request is applied.", "created_at": "2021-08-26T08:02:07.218Z", "updated_at": "2021-08-26T08:02:07.218Z", "subscriptionplan": 1}}, {"model": "ai_staff.subscriptionfeatures", "pk": 2, "fields": {"deleted_at": null, "features": "Unlimited projects", "description": null, "created_at": "2021-08-26T08:02:47.771Z", "updated_at": "2021-08-26T08:02:47.771Z", "subscriptionplan": 1}}, {"model": "ai_staff.subscriptionfeatures", "pk": 3, "fields": {"deleted_at": null, "features": "Unlimited languages (60+)", "description": null, "created_at": "2021-08-26T08:03:15.980Z", "updated_at": "2021-08-26T08:03:15.980Z", "subscriptionplan": 1}}, {"model": "ai_staff.subscriptionfeatures", "pk": 4, "fields": {"deleted_at": null, "features": "20+ file formats", "description": null, "created_at": "2021-08-26T08:04:02.408Z", "updated_at": "2021-08-26T08:04:02.408Z", "subscriptionplan": 1}}, {"model": "ai_staff.subscriptionfeatures", "pk": 5, "fields": {"deleted_at": null, "features": "Transeditor (CAT)", "description": "Easy to use MTPE editor, with essential features.", "created_at": "2021-08-26T08:04:47.315Z", "updated_at": "2021-08-26T08:04:47.315Z", "subscriptionplan": 1}}, {"model": "ai_staff.subscriptionfeatures", "pk": 6, "fields": {"deleted_at": null, "features": "Translation Project Manager", "description": "Lite Translation Project Management System for MTPE workflow, currently available for self-assignments.", "created_at": "2021-08-26T08:05:24.594Z", "updated_at": "2021-08-26T08:05:24.594Z", "subscriptionplan": 1}}, {"model": "ai_staff.subscriptionfeatures", "pk": 7, "fields": {"deleted_at": null, "features": "Translation Memories and Terminologies Support*", "description": "Use tmx and tbx files and leverage your linguistic assets", "created_at": "2021-08-26T08:06:14.760Z", "updated_at": "2021-08-26T08:06:14.760Z", "subscriptionplan": 1}}, {"model": "ai_staff.subscriptionfeatures", "pk": 8, "fields": {"deleted_at": null, "features": "Customer Support: Email", "description": null, "created_at": "2021-08-26T08:06:43.820Z", "updated_at": "2021-08-26T08:06:43.820Z", "subscriptionplan": 1}}, {"model": "ai_staff.subscriptionfeatures", "pk": 9, "fields": {"deleted_at": null, "features": "90 Days File Storage*", "description": "The days are calculated from the day a project is started. Only translation files are permitted to be stored for the duration. Supporting and references may be deleted once the project is completed.", "created_at": "2021-08-26T08:07:50.402Z", "updated_at": "2021-08-26T08:07:50.402Z", "subscriptionplan": 1}}, {"model": "ai_staff.subscriptionfeatures", "pk": 10, "fields": {"deleted_at": null, "features": "Limited time offer*", "description": "FREEMIUM offer may be withdrawn after a period.  However, sufficient time will be offered to the users to explore the product.", "created_at": "2021-08-26T08:09:32.364Z", "updated_at": "2021-08-26T08:09:32.364Z", "subscriptionplan": 1}}, {"model": "ai_staff.subscriptionfeatures", "pk": 12, "fields": {"deleted_at": null, "features": "Unlimited projects", "description": null, "created_at": "2021-08-26T08:11:09.657Z", "updated_at": "2021-08-26T08:11:09.657Z", "subscriptionplan": 2}}, {"model": "ai_staff.subscriptionfeatures", "pk": 13, "fields": {"deleted_at": null, "features": "Unlimited languages (60+)", "description": null, "created_at": "2021-08-26T08:11:25.072Z", "updated_at": "2021-08-26T08:12:41.526Z", "subscriptionplan": 2}}, {"model": "ai_staff.subscriptionfeatures", "pk": 14, "fields": {"deleted_at": null, "features": "Unlimited words by adding MT credit packages (From US$ 5 for 10,000 words) after free words are consumed", "description": null, "created_at": "2021-08-26T08:13:58.877Z", "updated_at": "2021-08-26T08:13:58.877Z", "subscriptionplan": 2}}, {"model": "ai_staff.subscriptionfeatures", "pk": 15, "fields": {"deleted_at": null, "features": "20+ file formats", "description": null, "created_at": "2021-08-26T08:14:27.505Z", "updated_at": "2021-08-26T08:14:27.505Z", "subscriptionplan": 2}}, {"model": "ai_staff.subscriptionfeatures", "pk": 16, "fields": {"deleted_at": null, "features": "Transeditor (CAT)", "description": "Easy to use MTPE editor, with essential features.", "created_at": "2021-08-26T08:15:19.774Z", "updated_at": "2021-08-26T08:15:19.774Z", "subscriptionplan": 2}}, {"model": "ai_staff.subscriptionfeatures", "pk": 17, "fields": {"deleted_at": null, "features": "Translation Project Manager", "description": "Lite Translation Project Management System for MTPE workflow, currently available for self-assignments.", "created_at": "2021-08-26T08:16:09.134Z", "updated_at": "2021-08-26T08:16:09.134Z", "subscriptionplan": 2}}, {"model": "ai_staff.subscriptionfeatures", "pk": 18, "fields": {"deleted_at": null, "features": "Translation Memories and Terminologies Support*", "description": "Use tmx and tbx files and leverage your linguistic assets", "created_at": "2021-08-26T08:16:46.216Z", "updated_at": "2021-08-26T08:16:46.216Z", "subscriptionplan": 2}}, {"model": "ai_staff.subscriptionfeatures", "pk": 19, "fields": {"deleted_at": null, "features": "Customer Support: Email", "description": null, "created_at": "2021-08-26T08:17:10.189Z", "updated_at": "2021-08-26T08:17:10.189Z", "subscriptionplan": 2}}, {"model": "ai_staff.subscriptionfeatures", "pk": 20, "fields": {"deleted_at": null, "features": "365 Days File Storage*", "description": null, "created_at": "2021-08-26T08:17:29.935Z", "updated_at": "2021-08-26T08:17:29.935Z", "subscriptionplan": 2}}, {"model": "ai_staff.subscriptionfeatures", "pk": 22, "fields": {"deleted_at": null, "features": "Bulk discounts", "description": null, "created_at": "2021-08-26T08:18:10.725Z", "updated_at": "2021-08-26T08:18:10.725Z", "subscriptionplan": 3}}, {"model": "ai_staff.subscriptionfeatures", "pk": 23, "fields": {"deleted_at": null, "features": "Custom MT development", "description": null, "created_at": "2021-08-26T08:18:25.814Z", "updated_at": "2021-08-26T08:18:25.814Z", "subscriptionplan": 3}}, {"model": "ai_staff.subscriptionfeatures", "pk": 24, "fields": {"deleted_at": null, "features": "On-demand global workforce of linguists", "description": null, "created_at": "2021-08-26T08:18:40.332Z", "updated_at": "2021-08-26T08:18:40.332Z", "subscriptionplan": 3}}, {"model": "ai_staff.subscriptionfeatures", "pk": 25, "fields": {"deleted_at": null, "features": "Complete language solutions", "description": null, "created_at": "2021-08-26T08:18:54.735Z", "updated_at": "2021-08-26T08:18:54.735Z", "subscriptionplan": 3}}, {"model": "ai_staff.subscriptionfeatures", "pk": 26, "fields": {"deleted_at": null, "features": "Managed MTPE services", "description": null, "created_at": "2021-08-26T08:19:15.000Z", "updated_at": "2021-08-26T08:19:15.000Z", "subscriptionplan": 3}}, {"model": "ai_staff.subscriptionfeatures", "pk": 27, "fields": {"deleted_at": null, "features": "And more", "description": null, "created_at": "2021-08-26T08:19:31.252Z", "updated_at": "2021-08-26T08:19:31.252Z", "subscriptionplan": 3}}]