[{"model": "ai_staff.servicetypes", "pk": 1, "fields": {"deleted_at": null, "name": "MTPE (MPE)", "created_at": "2021-07-19T14:48:50.991Z", "updated_at": "2021-07-19T14:48:50.991Z", "is_active": true}}, {"model": "ai_staff.servicetypes", "pk": 2, "fields": {"deleted_at": null, "name": "Human Translation (HUT)", "created_at": "2021-07-19T14:48:51.009Z", "updated_at": "2021-07-19T14:48:51.009Z", "is_active": true}}, {"model": "ai_staff.servicetypes", "pk": 3, "fields": {"deleted_at": null, "name": "Editing and Proofreading of HT (EPH)", "created_at": "2021-07-19T14:48:51.013Z", "updated_at": "2021-07-19T14:48:51.013Z", "is_active": true}}, {"model": "ai_staff.servicetypes", "pk": 4, "fields": {"deleted_at": null, "name": "Content Development (CDP)", "created_at": "2021-07-19T14:48:51.016Z", "updated_at": "2021-07-19T14:48:51.016Z", "is_active": true}}, {"model": "ai_staff.servicetypes", "pk": 5, "fields": {"deleted_at": null, "name": "Transcreation (TCR)", "created_at": "2021-07-19T14:48:51.025Z", "updated_at": "2021-07-19T14:48:51.025Z", "is_active": true}}, {"model": "ai_staff.servicetypes", "pk": 6, "fields": {"deleted_at": null, "name": "Localization Engineering (LOE)", "created_at": "2021-07-19T14:48:51.031Z", "updated_at": "2021-07-19T14:48:51.031Z", "is_active": true}}, {"model": "ai_staff.servicetypes", "pk": 7, "fields": {"deleted_at": null, "name": "DTP (DTP)", "created_at": "2021-07-19T14:48:51.034Z", "updated_at": "2021-07-19T14:48:51.034Z", "is_active": true}}, {"model": "ai_staff.servicetypes", "pk": 8, "fields": {"deleted_at": null, "name": "Video Subtitles (VST)", "created_at": "2021-07-19T14:48:51.043Z", "updated_at": "2021-07-19T14:48:51.043Z", "is_active": true}}, {"model": "ai_staff.servicetypes", "pk": 9, "fields": {"deleted_at": null, "name": "Voiceover and Dubbing (VOD)", "created_at": "2021-07-19T14:48:51.053Z", "updated_at": "2021-07-19T14:48:51.053Z", "is_active": true}}, {"model": "ai_staff.servicetypes", "pk": 10, "fields": {"deleted_at": null, "name": "Transcription(TSC)", "created_at": "2021-07-19T14:48:51.056Z", "updated_at": "2021-07-19T14:48:51.056Z", "is_active": true}}, {"model": "ai_staff.servicetypes", "pk": 11, "fields": {"deleted_at": null, "name": "NLP Services (NLP", "created_at": "2021-07-19T14:48:51.065Z", "updated_at": "2021-07-19T14:48:51.065Z", "is_active": true}}, {"model": "ai_staff.servicetypes", "pk": 12, "fields": {"deleted_at": null, "name": "Linguistic R&D (LRD)", "created_at": "2021-07-19T14:48:51.075Z", "updated_at": "2021-07-19T14:48:51.075Z", "is_active": true}}, {"model": "ai_staff.servicetypes", "pk": 13, "fields": {"deleted_at": null, "name": "Software Development (SWD)", "created_at": "2021-07-19T14:48:51.078Z", "updated_at": "2021-07-19T14:48:51.078Z", "is_active": true}}, {"model": "ai_staff.servicetypes", "pk": 14, "fields": {"deleted_at": null, "name": "Interpretation (INP)", "created_at": "2021-07-19T14:48:51.087Z", "updated_at": "2021-07-19T14:48:51.087Z", "is_active": true}}, {"model": "ai_staff.servicetypes", "pk": 15, "fields": {"deleted_at": null, "name": "Remote Interpretation (RIP)", "created_at": "2021-07-19T14:48:51.097Z", "updated_at": "2021-07-19T14:48:51.097Z", "is_active": true}}, {"model": "ai_staff.servicetypes", "pk": 16, "fields": {"deleted_at": null, "name": "Other Services  (OTS)", "created_at": "2021-07-19T14:48:51.100Z", "updated_at": "2021-07-19T14:48:51.100Z", "is_active": true}}]