[{"model": "ai_staff.spellcheckerlanguages", "pk": 1, "fields": {"deleted_at": null, "language": 17, "spellchecker": 1, "created_at": "2021-08-03T11:43:32.688Z", "updated_at": "2021-08-03T11:43:32.688Z", "is_active": true}}, {"model": "ai_staff.spellcheckerlanguages", "pk": 2, "fields": {"deleted_at": null, "language": 73, "spellchecker": 1, "created_at": "2021-08-03T11:43:44.945Z", "updated_at": "2021-08-03T11:43:44.945Z", "is_active": true}}, {"model": "ai_staff.spellcheckerlanguages", "pk": 3, "fields": {"deleted_at": null, "language": 22, "spellchecker": 1, "created_at": "2021-08-03T11:43:51.627Z", "updated_at": "2021-08-03T11:43:51.627Z", "is_active": true}}, {"model": "ai_staff.spellcheckerlanguages", "pk": 4, "fields": {"deleted_at": null, "language": 26, "spellchecker": 1, "created_at": "2021-08-03T11:43:59.173Z", "updated_at": "2021-08-03T11:43:59.173Z", "is_active": true}}, {"model": "ai_staff.spellcheckerlanguages", "pk": 5, "fields": {"deleted_at": null, "language": 66, "spellchecker": 1, "created_at": "2021-08-03T11:44:21.693Z", "updated_at": "2021-08-03T11:44:21.693Z", "is_active": true}}, {"model": "ai_staff.spellcheckerlanguages", "pk": 6, "fields": {"deleted_at": null, "language": 63, "spellchecker": 1, "created_at": "2021-08-03T11:45:42.536Z", "updated_at": "2021-08-03T11:45:42.536Z", "is_active": true}}]