[{"model": "ai_staff.stripetaxid", "pk": 1, "fields": {"deleted_at": null, "country": 13, "tax_code": "au_arn", "name": "Australian Taxation Office Reference Number", "created_at": "2021-09-20T07:40:13.323Z", "updated_at": "2021-09-20T07:40:13.323Z"}}, {"model": "ai_staff.stripetaxid", "pk": 2, "fields": {"deleted_at": null, "country": 14, "tax_code": "eu_vat", "name": "European VAT number", "created_at": "2021-09-20T07:40:13.328Z", "updated_at": "2021-09-20T07:40:13.328Z"}}, {"model": "ai_staff.stripetaxid", "pk": 3, "fields": {"deleted_at": null, "country": 21, "tax_code": "eu_vat", "name": "European VAT number", "created_at": "2021-09-20T07:40:13.330Z", "updated_at": "2021-09-20T07:40:13.330Z"}}, {"model": "ai_staff.stripetaxid", "pk": 4, "fields": {"deleted_at": null, "country": 30, "tax_code": "br_cnpj", "name": "Brazilian CNPJ number", "created_at": "2021-09-20T07:40:13.332Z", "updated_at": "2021-09-20T07:40:13.332Z"}}, {"model": "ai_staff.stripetaxid", "pk": 5, "fields": {"deleted_at": null, "country": 30, "tax_code": "br_cpf", "name": "Brazilian CPF number", "created_at": "2021-09-20T07:40:13.335Z", "updated_at": "2021-09-20T07:40:13.335Z"}}, {"model": "ai_staff.stripetaxid", "pk": 6, "fields": {"deleted_at": null, "country": 33, "tax_code": "eu_vat", "name": "European VAT number", "created_at": "2021-09-20T07:40:13.337Z", "updated_at": "2021-09-20T07:40:13.337Z"}}, {"model": "ai_staff.stripetaxid", "pk": 7, "fields": {"deleted_at": null, "country": 38, "tax_code": "ca_bn", "name": "Canadian BN", "created_at": "2021-09-20T07:40:13.340Z", "updated_at": "2021-09-20T07:40:13.340Z"}}, {"model": "ai_staff.stripetaxid", "pk": 8, "fields": {"deleted_at": null, "country": 38, "tax_code": "ca_gst_hst", "name": "Canadian GST/HST number", "created_at": "2021-09-20T07:40:13.342Z", "updated_at": "2021-09-20T07:40:13.342Z"}}, {"model": "ai_staff.stripetaxid", "pk": 9, "fields": {"deleted_at": null, "country": 38, "tax_code": "ca_pst_bc", "name": "Canadian PST number (British Columbia)", "created_at": "2021-09-20T07:40:13.345Z", "updated_at": "2021-09-20T07:40:13.345Z"}}, {"model": "ai_staff.stripetaxid", "pk": 10, "fields": {"deleted_at": null, "country": 38, "tax_code": "ca_pst_mb", "name": "Canadian PST number (Manitoba)", "created_at": "2021-09-20T07:40:13.347Z", "updated_at": "2021-09-20T07:40:13.347Z"}}, {"model": "ai_staff.stripetaxid", "pk": 11, "fields": {"deleted_at": null, "country": 38, "tax_code": "ca_pst_sk", "name": "Canadian PST number (Saskatchewan)", "created_at": "2021-09-20T07:40:13.349Z", "updated_at": "2021-09-20T07:40:13.349Z"}}, {"model": "ai_staff.stripetaxid", "pk": 12, "fields": {"deleted_at": null, "country": 38, "tax_code": "ca_qst", "name": "Canadian QST number (Québec)", "created_at": "2021-09-20T07:40:13.352Z", "updated_at": "2021-09-20T07:40:13.352Z"}}, {"model": "ai_staff.stripetaxid", "pk": 13, "fields": {"deleted_at": null, "country": 43, "tax_code": "cl_tin", "name": "Chilean TIN", "created_at": "2021-09-20T07:40:13.354Z", "updated_at": "2021-09-20T07:40:13.354Z"}}, {"model": "ai_staff.stripetaxid", "pk": 14, "fields": {"deleted_at": null, "country": 54, "tax_code": "eu_vat", "name": "European VAT number", "created_at": "2021-09-20T07:40:13.357Z", "updated_at": "2021-09-20T08:58:55.285Z"}}, {"model": "ai_staff.stripetaxid", "pk": 15, "fields": {"deleted_at": null, "country": 56, "tax_code": "eu_vat", "name": "European VAT number", "created_at": "2021-09-20T07:40:13.359Z", "updated_at": "2021-09-20T07:40:13.359Z"}}, {"model": "ai_staff.stripetaxid", "pk": 16, "fields": {"deleted_at": null, "country": 57, "tax_code": "eu_vat", "name": "European VAT number", "created_at": "2021-09-20T07:40:13.361Z", "updated_at": "2021-09-20T07:40:13.361Z"}}, {"model": "ai_staff.stripetaxid", "pk": 17, "fields": {"deleted_at": null, "country": 58, "tax_code": "eu_vat", "name": "European VAT number", "created_at": "2021-09-20T07:40:13.363Z", "updated_at": "2021-09-20T07:40:13.363Z"}}, {"model": "ai_staff.stripetaxid", "pk": 18, "fields": {"deleted_at": null, "country": 68, "tax_code": "eu_vat", "name": "European VAT number", "created_at": "2021-09-20T07:40:13.365Z", "updated_at": "2021-09-20T07:40:13.366Z"}}, {"model": "ai_staff.stripetaxid", "pk": 19, "fields": {"deleted_at": null, "country": 74, "tax_code": "eu_vat", "name": "European VAT number", "created_at": "2021-09-20T07:40:13.372Z", "updated_at": "2021-09-20T07:40:13.372Z"}}, {"model": "ai_staff.stripetaxid", "pk": 20, "fields": {"deleted_at": null, "country": 75, "tax_code": "eu_vat", "name": "European VAT number", "created_at": "2021-09-20T07:40:13.374Z", "updated_at": "2021-09-20T07:40:13.374Z"}}, {"model": "ai_staff.stripetaxid", "pk": 21, "fields": {"deleted_at": null, "country": 82, "tax_code": "eu_vat", "name": "European VAT number", "created_at": "2021-09-20T07:40:13.377Z", "updated_at": "2021-09-20T07:40:13.377Z"}}, {"model": "ai_staff.stripetaxid", "pk": 22, "fields": {"deleted_at": null, "country": 85, "tax_code": "eu_vat", "name": "European VAT number", "created_at": "2021-09-20T07:40:13.379Z", "updated_at": "2021-09-20T07:40:13.379Z"}}, {"model": "ai_staff.stripetaxid", "pk": 23, "fields": {"deleted_at": null, "country": 98, "tax_code": "hk_br", "name": "Hong Kong BR number", "created_at": "2021-09-20T07:40:13.382Z", "updated_at": "2021-09-20T08:56:30.241Z"}}, {"model": "ai_staff.stripetaxid", "pk": 24, "fields": {"deleted_at": null, "country": 99, "tax_code": "eu_vat", "name": "European VAT number", "created_at": "2021-09-20T07:40:13.384Z", "updated_at": "2021-09-20T07:40:13.384Z"}}, {"model": "ai_staff.stripetaxid", "pk": 25, "fields": {"deleted_at": null, "country": 101, "tax_code": "in_gst", "name": "Indian GST number", "created_at": "2021-09-20T07:40:13.386Z", "updated_at": "2021-09-20T07:40:13.386Z"}}, {"model": "ai_staff.stripetaxid", "pk": 26, "fields": {"deleted_at": null, "country": 102, "tax_code": "id_npwp", "name": "Indonesian NPWP number", "created_at": "2021-09-20T07:40:13.388Z", "updated_at": "2021-09-20T07:40:13.388Z"}}, {"model": "ai_staff.stripetaxid", "pk": 27, "fields": {"deleted_at": null, "country": 105, "tax_code": "eu_vat", "name": "European VAT number", "created_at": "2021-09-20T07:40:13.391Z", "updated_at": "2021-09-20T07:40:13.391Z"}}, {"model": "ai_staff.stripetaxid", "pk": 28, "fields": {"deleted_at": null, "country": 106, "tax_code": "il_vat", "name": "Israel VAT", "created_at": "2021-09-20T07:40:13.393Z", "updated_at": "2021-09-20T07:40:13.393Z"}}, {"model": "ai_staff.stripetaxid", "pk": 29, "fields": {"deleted_at": null, "country": 107, "tax_code": "eu_vat", "name": "European VAT number", "created_at": "2021-09-20T07:40:13.395Z", "updated_at": "2021-09-20T07:40:13.395Z"}}, {"model": "ai_staff.stripetaxid", "pk": 30, "fields": {"deleted_at": null, "country": 109, "tax_code": "jp_cn", "name": "Japanese Corporate Number (*Hōjin Bangō*)", "created_at": "2021-09-20T07:40:13.398Z", "updated_at": "2021-09-20T07:40:13.398Z"}}, {"model": "ai_staff.stripetaxid", "pk": 31, "fields": {"deleted_at": null, "country": 109, "tax_code": "jp_rn", "name": "Japanese Registered Foreign Businesses' Registration Number (*Tōroku Kokugai Jigyōsha no Tōroku Bangō*)", "created_at": "2021-09-20T07:40:13.400Z", "updated_at": "2021-09-20T07:40:13.400Z"}}, {"model": "ai_staff.stripetaxid", "pk": 32, "fields": {"deleted_at": null, "country": 116, "tax_code": "kr_brn", "name": "Korean BRN", "created_at": "2021-09-20T07:40:13.402Z", "updated_at": "2021-09-20T08:55:10.093Z"}}, {"model": "ai_staff.stripetaxid", "pk": 33, "fields": {"deleted_at": null, "country": 120, "tax_code": "eu_vat", "name": "European VAT number", "created_at": "2021-09-20T07:40:13.404Z", "updated_at": "2021-09-20T07:40:13.404Z"}}, {"model": "ai_staff.stripetaxid", "pk": 34, "fields": {"deleted_at": null, "country": 125, "tax_code": "li_uid", "name": "Liechtensteinian UID number", "created_at": "2021-09-20T07:40:13.407Z", "updated_at": "2021-09-20T07:40:13.407Z"}}, {"model": "ai_staff.stripetaxid", "pk": 35, "fields": {"deleted_at": null, "country": 126, "tax_code": "eu_vat", "name": "European VAT number", "created_at": "2021-09-20T07:40:13.409Z", "updated_at": "2021-09-20T07:40:13.409Z"}}, {"model": "ai_staff.stripetaxid", "pk": 36, "fields": {"deleted_at": null, "country": 127, "tax_code": "eu_vat", "name": "European VAT number", "created_at": "2021-09-20T07:40:13.411Z", "updated_at": "2021-09-20T07:40:13.411Z"}}, {"model": "ai_staff.stripetaxid", "pk": 37, "fields": {"deleted_at": null, "country": 132, "tax_code": "my_frp", "name": "Malaysian FRP number", "created_at": "2021-09-20T07:40:13.414Z", "updated_at": "2021-09-20T07:40:13.414Z"}}, {"model": "ai_staff.stripetaxid", "pk": 38, "fields": {"deleted_at": null, "country": 132, "tax_code": "my_itn", "name": "Malaysian ITN", "created_at": "2021-09-20T07:40:13.416Z", "updated_at": "2021-09-20T07:40:13.416Z"}}, {"model": "ai_staff.stripetaxid", "pk": 39, "fields": {"deleted_at": null, "country": 132, "tax_code": "my_sst", "name": "Malaysian SST number", "created_at": "2021-09-20T07:40:13.419Z", "updated_at": "2021-09-20T07:40:13.419Z"}}, {"model": "ai_staff.stripetaxid", "pk": 40, "fields": {"deleted_at": null, "country": 135, "tax_code": "eu_vat", "name": "European VAT number", "created_at": "2021-09-20T07:40:13.421Z", "updated_at": "2021-09-20T07:40:13.421Z"}}, {"model": "ai_staff.stripetaxid", "pk": 41, "fields": {"deleted_at": null, "country": 142, "tax_code": "mx_rfc", "name": "Mexican RFC number", "created_at": "2021-09-20T07:40:13.423Z", "updated_at": "2021-09-20T07:40:13.423Z"}}, {"model": "ai_staff.stripetaxid", "pk": 42, "fields": {"deleted_at": null, "country": 155, "tax_code": "eu_vat", "name": "European VAT number", "created_at": "2021-09-20T07:40:13.425Z", "updated_at": "2021-09-20T09:01:34.576Z"}}, {"model": "ai_staff.stripetaxid", "pk": 43, "fields": {"deleted_at": null, "country": 157, "tax_code": "nz_gst", "name": "New Zealand GST number", "created_at": "2021-09-20T07:40:13.427Z", "updated_at": "2021-09-20T07:40:13.427Z"}}, {"model": "ai_staff.stripetaxid", "pk": 44, "fields": {"deleted_at": null, "country": 164, "tax_code": "no_vat", "name": "Norwegian VAT number", "created_at": "2021-09-20T07:40:13.429Z", "updated_at": "2021-09-20T07:40:13.430Z"}}, {"model": "ai_staff.stripetaxid", "pk": 45, "fields": {"deleted_at": null, "country": 175, "tax_code": "eu_vat", "name": "European VAT number", "created_at": "2021-09-20T07:40:13.432Z", "updated_at": "2021-09-20T07:40:13.432Z"}}, {"model": "ai_staff.stripetaxid", "pk": 46, "fields": {"deleted_at": null, "country": 176, "tax_code": "eu_vat", "name": "European VAT number", "created_at": "2021-09-20T07:40:13.434Z", "updated_at": "2021-09-20T07:40:13.434Z"}}, {"model": "ai_staff.stripetaxid", "pk": 47, "fields": {"deleted_at": null, "country": 180, "tax_code": "eu_vat", "name": "European VAT number", "created_at": "2021-09-20T07:40:13.436Z", "updated_at": "2021-09-20T07:40:13.436Z"}}, {"model": "ai_staff.stripetaxid", "pk": 48, "fields": {"deleted_at": null, "country": 181, "tax_code": "ru_inn", "name": "Russian INN", "created_at": "2021-09-20T07:40:13.438Z", "updated_at": "2021-09-20T09:03:40.846Z"}}, {"model": "ai_staff.stripetaxid", "pk": 49, "fields": {"deleted_at": null, "country": 181, "tax_code": "ru_kpp", "name": "Russian KPP", "created_at": "2021-09-20T07:40:13.440Z", "updated_at": "2021-09-20T09:04:24.427Z"}}, {"model": "ai_staff.stripetaxid", "pk": 50, "fields": {"deleted_at": null, "country": 191, "tax_code": "sa_vat", "name": "Saudi Arabia VAT", "created_at": "2021-09-20T07:40:13.442Z", "updated_at": "2021-09-20T07:40:13.442Z"}}, {"model": "ai_staff.stripetaxid", "pk": 51, "fields": {"deleted_at": null, "country": 196, "tax_code": "sg_gst", "name": "Singaporean GST", "created_at": "2021-09-20T07:40:13.444Z", "updated_at": "2021-09-20T07:40:13.444Z"}}, {"model": "ai_staff.stripetaxid", "pk": 52, "fields": {"deleted_at": null, "country": 196, "tax_code": "sg_uen", "name": "Singaporean UEN", "created_at": "2021-09-20T07:40:13.447Z", "updated_at": "2021-09-20T07:40:13.447Z"}}, {"model": "ai_staff.stripetaxid", "pk": 53, "fields": {"deleted_at": null, "country": 197, "tax_code": "eu_vat", "name": "European VAT number", "created_at": "2021-09-20T07:40:13.449Z", "updated_at": "2021-09-20T07:40:13.449Z"}}, {"model": "ai_staff.stripetaxid", "pk": 54, "fields": {"deleted_at": null, "country": 198, "tax_code": "eu_vat", "name": "European VAT number", "created_at": "2021-09-20T07:40:13.451Z", "updated_at": "2021-09-20T07:40:13.451Z"}}, {"model": "ai_staff.stripetaxid", "pk": 55, "fields": {"deleted_at": null, "country": 202, "tax_code": "za_vat", "name": "South African VAT number", "created_at": "2021-09-20T07:40:13.453Z", "updated_at": "2021-09-20T07:40:13.453Z"}}, {"model": "ai_staff.stripetaxid", "pk": 56, "fields": {"deleted_at": null, "country": 205, "tax_code": "es_cif", "name": "Spanish CIF number", "created_at": "2021-09-20T07:40:13.455Z", "updated_at": "2021-09-20T07:40:13.455Z"}}, {"model": "ai_staff.stripetaxid", "pk": 57, "fields": {"deleted_at": null, "country": 205, "tax_code": "eu_vat", "name": "European VAT number", "created_at": "2021-09-20T07:40:13.458Z", "updated_at": "2021-09-20T07:40:13.458Z"}}, {"model": "ai_staff.stripetaxid", "pk": 58, "fields": {"deleted_at": null, "country": 211, "tax_code": "eu_vat", "name": "European VAT number", "created_at": "2021-09-20T07:40:13.460Z", "updated_at": "2021-09-20T07:40:13.460Z"}}, {"model": "ai_staff.stripetaxid", "pk": 59, "fields": {"deleted_at": null, "country": 212, "tax_code": "ch_vat", "name": "Switzerland VAT number", "created_at": "2021-09-20T07:40:13.462Z", "updated_at": "2021-09-20T07:40:13.462Z"}}, {"model": "ai_staff.stripetaxid", "pk": 60, "fields": {"deleted_at": null, "country": 214, "tax_code": "tw_vat", "name": "Taiwanese VAT", "created_at": "2021-09-20T07:40:13.464Z", "updated_at": "2021-09-20T07:40:13.464Z"}}, {"model": "ai_staff.stripetaxid", "pk": 61, "fields": {"deleted_at": null, "country": 217, "tax_code": "th_vat", "name": "Thai VAT", "created_at": "2021-09-20T07:40:13.466Z", "updated_at": "2021-09-20T07:40:13.466Z"}}, {"model": "ai_staff.stripetaxid", "pk": 62, "fields": {"deleted_at": null, "country": 229, "tax_code": "ae_trn", "name": "United Arab Emirates TRN", "created_at": "2021-09-20T07:40:13.468Z", "updated_at": "2021-09-20T07:40:13.468Z"}}, {"model": "ai_staff.stripetaxid", "pk": 63, "fields": {"deleted_at": null, "country": 230, "tax_code": "gb_vat", "name": "United Kingdom VAT number", "created_at": "2021-09-20T07:40:13.470Z", "updated_at": "2021-09-20T07:40:13.470Z"}}, {"model": "ai_staff.stripetaxid", "pk": 64, "fields": {"deleted_at": null, "country": 230, "tax_code": "eu_vat", "name": "Northern Ireland VAT number", "created_at": "2021-09-20T07:40:13.472Z", "updated_at": "2021-09-20T07:40:13.472Z"}}, {"model": "ai_staff.stripetaxid", "pk": 65, "fields": {"deleted_at": null, "country": 231, "tax_code": "us_ein", "name": "United States EIN", "created_at": "2021-09-20T07:40:13.475Z", "updated_at": "2021-09-20T07:40:13.475Z"}}]