[{"model": "ai_staff.subjectfields", "pk": 1, "fields": {"deleted_at": null, "name": "Academic / Educational", "created_at": "2021-07-19T15:02:04.793Z", "updated_at": "2021-07-19T15:02:04.794Z", "is_active": true}}, {"model": "ai_staff.subjectfields", "pk": 2, "fields": {"deleted_at": null, "name": "Accounting", "created_at": "2021-07-19T15:02:04.811Z", "updated_at": "2021-07-19T15:02:04.811Z", "is_active": true}}, {"model": "ai_staff.subjectfields", "pk": 3, "fields": {"deleted_at": null, "name": "Advertising / Public Relations", "created_at": "2021-07-19T15:02:04.817Z", "updated_at": "2021-07-19T15:02:04.817Z", "is_active": true}}, {"model": "ai_staff.subjectfields", "pk": 4, "fields": {"deleted_at": null, "name": "Aerospace", "created_at": "2021-07-19T15:02:04.821Z", "updated_at": "2021-07-19T15:02:04.821Z", "is_active": true}}, {"model": "ai_staff.subjectfields", "pk": 5, "fields": {"deleted_at": null, "name": "Architecture", "created_at": "2021-07-19T15:02:04.830Z", "updated_at": "2021-07-19T15:02:04.830Z", "is_active": true}}, {"model": "ai_staff.subjectfields", "pk": 6, "fields": {"deleted_at": null, "name": "Art", "created_at": "2021-07-19T15:02:04.833Z", "updated_at": "2021-07-19T15:02:04.833Z", "is_active": true}}, {"model": "ai_staff.subjectfields", "pk": 7, "fields": {"deleted_at": null, "name": "Artificial Intelligence", "created_at": "2021-07-19T15:02:04.836Z", "updated_at": "2021-07-19T15:02:04.836Z", "is_active": true}}, {"model": "ai_staff.subjectfields", "pk": 8, "fields": {"deleted_at": null, "name": "Automotive", "created_at": "2021-07-19T15:02:04.846Z", "updated_at": "2021-07-19T15:02:04.846Z", "is_active": true}}, {"model": "ai_staff.subjectfields", "pk": 9, "fields": {"deleted_at": null, "name": "Book Publishing / Ebooks", "created_at": "2021-07-19T15:02:04.849Z", "updated_at": "2021-07-19T15:02:04.849Z", "is_active": true}}, {"model": "ai_staff.subjectfields", "pk": 10, "fields": {"deleted_at": null, "name": "Business / Commerce", "created_at": "2021-07-19T15:02:04.852Z", "updated_at": "2021-07-19T15:02:04.852Z", "is_active": true}}, {"model": "ai_staff.subjectfields", "pk": 11, "fields": {"deleted_at": null, "name": "Chemical", "created_at": "2021-07-19T15:02:04.861Z", "updated_at": "2021-07-19T15:02:04.861Z", "is_active": true}}, {"model": "ai_staff.subjectfields", "pk": 12, "fields": {"deleted_at": null, "name": "Civil Engineering", "created_at": "2021-07-19T15:02:04.868Z", "updated_at": "2021-07-19T15:02:04.868Z", "is_active": true}}, {"model": "ai_staff.subjectfields", "pk": 13, "fields": {"deleted_at": null, "name": "Cosmetics", "created_at": "2021-07-19T15:02:04.877Z", "updated_at": "2021-07-19T15:02:04.877Z", "is_active": true}}, {"model": "ai_staff.subjectfields", "pk": 14, "fields": {"deleted_at": null, "name": "CSR / Charity", "created_at": "2021-07-19T15:02:04.887Z", "updated_at": "2021-07-19T15:02:04.887Z", "is_active": true}}, {"model": "ai_staff.subjectfields", "pk": 15, "fields": {"deleted_at": null, "name": "Culinary", "created_at": "2021-07-19T15:02:04.890Z", "updated_at": "2021-07-19T15:02:04.890Z", "is_active": true}}, {"model": "ai_staff.subjectfields", "pk": 16, "fields": {"deleted_at": null, "name": "Defence", "created_at": "2021-07-19T15:02:04.893Z", "updated_at": "2021-07-19T15:02:04.893Z", "is_active": true}}, {"model": "ai_staff.subjectfields", "pk": 17, "fields": {"deleted_at": null, "name": "Ecommerce", "created_at": "2021-07-19T15:02:04.902Z", "updated_at": "2021-07-19T15:02:04.902Z", "is_active": true}}, {"model": "ai_staff.subjectfields", "pk": 18, "fields": {"deleted_at": null, "name": "Electronics /  Electrical", "created_at": "2021-07-19T15:02:04.906Z", "updated_at": "2021-07-19T15:02:04.906Z", "is_active": true}}, {"model": "ai_staff.subjectfields", "pk": 19, "fields": {"deleted_at": null, "name": "Energy / Power", "created_at": "2021-07-19T15:02:04.909Z", "updated_at": "2021-07-19T15:02:04.909Z", "is_active": true}}, {"model": "ai_staff.subjectfields", "pk": 20, "fields": {"deleted_at": null, "name": "Environment & Ecology", "created_at": "2021-07-19T15:02:04.918Z", "updated_at": "2021-07-19T15:02:04.918Z", "is_active": true}}, {"model": "ai_staff.subjectfields", "pk": 21, "fields": {"deleted_at": null, "name": "Fashion", "created_at": "2021-07-19T15:02:04.922Z", "updated_at": "2021-07-19T15:02:04.922Z", "is_active": true}}, {"model": "ai_staff.subjectfields", "pk": 22, "fields": {"deleted_at": null, "name": "Films,TV and OTT", "created_at": "2021-07-19T15:02:04.925Z", "updated_at": "2021-07-19T15:02:04.925Z", "is_active": true}}, {"model": "ai_staff.subjectfields", "pk": 23, "fields": {"deleted_at": null, "name": "Finance", "created_at": "2021-07-19T15:02:04.937Z", "updated_at": "2021-07-19T15:02:04.937Z", "is_active": true}}, {"model": "ai_staff.subjectfields", "pk": 24, "fields": {"deleted_at": null, "name": "Food and Drink", "created_at": "2021-07-19T15:02:04.941Z", "updated_at": "2021-07-19T15:02:04.941Z", "is_active": true}}, {"model": "ai_staff.subjectfields", "pk": 25, "fields": {"deleted_at": null, "name": "Games / Video Games", "created_at": "2021-07-19T15:02:04.944Z", "updated_at": "2021-07-19T15:02:04.944Z", "is_active": true}}, {"model": "ai_staff.subjectfields", "pk": 26, "fields": {"deleted_at": null, "name": "History / Archaeology", "created_at": "2021-07-19T15:02:04.953Z", "updated_at": "2021-07-19T15:02:04.953Z", "is_active": true}}, {"model": "ai_staff.subjectfields", "pk": 27, "fields": {"deleted_at": null, "name": "Information Technology", "created_at": "2021-07-19T15:02:04.956Z", "updated_at": "2021-07-19T15:02:04.956Z", "is_active": true}}, {"model": "ai_staff.subjectfields", "pk": 28, "fields": {"deleted_at": null, "name": "Insurance", "created_at": "2021-07-19T15:02:04.959Z", "updated_at": "2021-07-19T15:02:04.959Z", "is_active": true}}, {"model": "ai_staff.subjectfields", "pk": 29, "fields": {"deleted_at": null, "name": "Internet", "created_at": "2021-07-19T15:02:04.968Z", "updated_at": "2021-07-19T15:02:04.968Z", "is_active": true}}, {"model": "ai_staff.subjectfields", "pk": 30, "fields": {"deleted_at": null, "name": "Law and contract", "created_at": "2021-07-19T15:02:04.971Z", "updated_at": "2021-07-19T15:02:04.971Z", "is_active": true}}, {"model": "ai_staff.subjectfields", "pk": 31, "fields": {"deleted_at": null, "name": "Literature", "created_at": "2021-07-19T15:02:04.975Z", "updated_at": "2021-07-19T15:02:04.975Z", "is_active": true}}, {"model": "ai_staff.subjectfields", "pk": 32, "fields": {"deleted_at": null, "name": "Marketing / Digital Marketing", "created_at": "2021-07-19T15:02:04.984Z", "updated_at": "2021-07-19T15:02:04.984Z", "is_active": true}}, {"model": "ai_staff.subjectfields", "pk": 33, "fields": {"deleted_at": null, "name": "Mechanical / Manufacturing", "created_at": "2021-07-19T15:02:04.988Z", "updated_at": "2021-07-19T15:02:04.988Z", "is_active": true}}, {"model": "ai_staff.subjectfields", "pk": 34, "fields": {"deleted_at": null, "name": "Media / Journalism", "created_at": "2021-07-19T15:02:04.992Z", "updated_at": "2021-07-19T15:02:04.992Z", "is_active": true}}, {"model": "ai_staff.subjectfields", "pk": 35, "fields": {"deleted_at": null, "name": "Medical / Healthcare", "created_at": "2021-07-19T15:02:05.001Z", "updated_at": "2021-07-19T15:02:05.001Z", "is_active": true}}, {"model": "ai_staff.subjectfields", "pk": 36, "fields": {"deleted_at": null, "name": "Medical / Pharmaceutical", "created_at": "2021-07-19T15:02:05.004Z", "updated_at": "2021-07-19T15:02:05.004Z", "is_active": true}}, {"model": "ai_staff.subjectfields", "pk": 37, "fields": {"deleted_at": null, "name": "Natural Sciences", "created_at": "2021-07-19T15:02:05.007Z", "updated_at": "2021-07-19T15:02:05.008Z", "is_active": true}}, {"model": "ai_staff.subjectfields", "pk": 38, "fields": {"deleted_at": null, "name": "Oil & Natural Gas", "created_at": "2021-07-19T15:02:05.017Z", "updated_at": "2021-07-19T15:02:05.017Z", "is_active": true}}, {"model": "ai_staff.subjectfields", "pk": 39, "fields": {"deleted_at": null, "name": "Other", "created_at": "2021-07-19T15:02:05.020Z", "updated_at": "2021-07-19T15:02:05.020Z", "is_active": true}}, {"model": "ai_staff.subjectfields", "pk": 40, "fields": {"deleted_at": null, "name": "Politics / Society", "created_at": "2021-07-19T15:02:05.023Z", "updated_at": "2021-07-19T15:02:05.023Z", "is_active": true}}, {"model": "ai_staff.subjectfields", "pk": 41, "fields": {"deleted_at": null, "name": "Private Correspondence", "created_at": "2021-07-19T15:02:05.032Z", "updated_at": "2021-07-19T15:02:05.032Z", "is_active": true}}, {"model": "ai_staff.subjectfields", "pk": 42, "fields": {"deleted_at": null, "name": "Religion / Spiritual", "created_at": "2021-07-19T15:02:05.036Z", "updated_at": "2021-07-19T15:02:05.036Z", "is_active": true}}, {"model": "ai_staff.subjectfields", "pk": 43, "fields": {"deleted_at": null, "name": "Sales", "created_at": "2021-07-19T15:02:05.039Z", "updated_at": "2021-07-19T15:02:05.039Z", "is_active": true}}, {"model": "ai_staff.subjectfields", "pk": 44, "fields": {"deleted_at": null, "name": "Science & Technology", "created_at": "2021-07-19T15:02:05.049Z", "updated_at": "2021-07-19T15:02:05.049Z", "is_active": true}}, {"model": "ai_staff.subjectfields", "pk": 45, "fields": {"deleted_at": null, "name": "SEO/SEM", "created_at": "2021-07-19T15:02:05.052Z", "updated_at": "2021-07-19T15:02:05.052Z", "is_active": true}}, {"model": "ai_staff.subjectfields", "pk": 46, "fields": {"deleted_at": null, "name": "Shipping / Sea", "created_at": "2021-07-19T15:02:05.058Z", "updated_at": "2021-07-19T15:02:05.058Z", "is_active": true}}, {"model": "ai_staff.subjectfields", "pk": 47, "fields": {"deleted_at": null, "name": "Social Science", "created_at": "2021-07-19T15:02:05.067Z", "updated_at": "2021-07-19T15:02:05.067Z", "is_active": true}}, {"model": "ai_staff.subjectfields", "pk": 48, "fields": {"deleted_at": null, "name": "Sports", "created_at": "2021-07-19T15:02:05.070Z", "updated_at": "2021-07-19T15:02:05.070Z", "is_active": true}}, {"model": "ai_staff.subjectfields", "pk": 49, "fields": {"deleted_at": null, "name": "Telecommunications", "created_at": "2021-07-19T15:02:05.074Z", "updated_at": "2021-07-19T15:02:05.074Z", "is_active": true}}, {"model": "ai_staff.subjectfields", "pk": 50, "fields": {"deleted_at": null, "name": "Terminology and Glossary", "created_at": "2021-07-19T15:02:05.083Z", "updated_at": "2021-07-19T15:02:05.083Z", "is_active": true}}, {"model": "ai_staff.subjectfields", "pk": 51, "fields": {"deleted_at": null, "name": "Training and Tutorials", "created_at": "2021-07-19T15:02:05.086Z", "updated_at": "2021-07-19T15:02:05.086Z", "is_active": true}}, {"model": "ai_staff.subjectfields", "pk": 52, "fields": {"deleted_at": null, "name": "Travel and Tourism", "created_at": "2021-07-19T15:02:05.090Z", "updated_at": "2021-07-19T15:02:05.090Z", "is_active": true}}, {"model": "ai_staff.subjectfields", "pk": 53, "fields": {"deleted_at": null, "name": "Government and NGO", "created_at": "2021-07-19T15:02:05.102Z", "updated_at": "2021-07-19T15:02:05.102Z", "is_active": true}}]