[{"model": "ai_staff.supporttype", "pk": 1, "fields": {"deleted_at": null, "support_type": "Billing", "created_at": null, "updated_at": null}}, {"model": "ai_staff.supporttype", "pk": 2, "fields": {"deleted_at": null, "support_type": "Usage", "created_at": null, "updated_at": null}}, {"model": "ai_staff.supporttype", "pk": 3, "fields": {"deleted_at": null, "support_type": "General", "created_at": null, "updated_at": null}}, {"model": "ai_staff.supporttype", "pk": 4, "fields": {"deleted_at": null, "support_type": "Account", "created_at": null, "updated_at": null}}, {"model": "ai_staff.supporttype", "pk": 5, "fields": {"deleted_at": null, "support_type": "Others", "created_at": null, "updated_at": null}}]