[{"model": "ai_staff.timezones", "pk": 1, "fields": {"deleted_at": null, "timezoneid": "ACDT", "name": "Australian Central Daylight Saving Time", "utc_offset": "UTC+10:30", "created_at": "2021-07-19T15:04:21.654Z", "updated_at": "2021-07-19T15:04:21.654Z", "is_active": true}}, {"model": "ai_staff.timezones", "pk": 2, "fields": {"deleted_at": null, "timezoneid": "ACST", "name": "Australian Central Standard Time", "utc_offset": "UTC+09:30", "created_at": "2021-07-19T15:04:21.664Z", "updated_at": "2021-07-19T15:04:21.664Z", "is_active": true}}, {"model": "ai_staff.timezones", "pk": 3, "fields": {"deleted_at": null, "timezoneid": "ACT", "name": "Acre Time", "utc_offset": "UTC−05", "created_at": "2021-07-19T15:04:21.673Z", "updated_at": "2021-07-19T15:04:21.673Z", "is_active": true}}, {"model": "ai_staff.timezones", "pk": 4, "fields": {"deleted_at": null, "timezoneid": "ADT", "name": "Atlantic Daylight Time", "utc_offset": "UTC−03", "created_at": "2021-07-19T15:04:21.677Z", "updated_at": "2021-07-19T15:04:21.677Z", "is_active": true}}, {"model": "ai_staff.timezones", "pk": 5, "fields": {"deleted_at": null, "timezoneid": "AEDT", "name": "Australian Eastern Daylight Saving Time", "utc_offset": "UTC+11", "created_at": "2021-07-19T15:04:21.681Z", "updated_at": "2021-07-19T15:04:21.681Z", "is_active": true}}, {"model": "ai_staff.timezones", "pk": 6, "fields": {"deleted_at": null, "timezoneid": "AEST", "name": "Australian Eastern Standard Time", "utc_offset": "UTC+10", "created_at": "2021-07-19T15:04:21.691Z", "updated_at": "2021-07-19T15:04:21.691Z", "is_active": true}}, {"model": "ai_staff.timezones", "pk": 7, "fields": {"deleted_at": null, "timezoneid": "AET", "name": "Australian Eastern Time", "utc_offset": "UTC+10/UTC+11", "created_at": "2021-07-19T15:04:21.694Z", "updated_at": "2021-07-19T15:04:21.694Z", "is_active": true}}, {"model": "ai_staff.timezones", "pk": 8, "fields": {"deleted_at": null, "timezoneid": "AFT", "name": "Afghanistan Time", "utc_offset": "UTC+04:30", "created_at": "2021-07-19T15:04:21.698Z", "updated_at": "2021-07-19T15:04:21.698Z", "is_active": true}}, {"model": "ai_staff.timezones", "pk": 9, "fields": {"deleted_at": null, "timezoneid": "AKDT", "name": "Alaska Daylight Time", "utc_offset": "UTC−08", "created_at": "2021-07-19T15:04:21.707Z", "updated_at": "2021-07-19T15:04:21.707Z", "is_active": true}}, {"model": "ai_staff.timezones", "pk": 10, "fields": {"deleted_at": null, "timezoneid": "AKST", "name": "Alaska Standard Time", "utc_offset": "UTC−09", "created_at": "2021-07-19T15:04:21.710Z", "updated_at": "2021-07-19T15:04:21.710Z", "is_active": true}}, {"model": "ai_staff.timezones", "pk": 11, "fields": {"deleted_at": null, "timezoneid": "ALMT", "name": "Alma-Ata Time[1]", "utc_offset": "UTC+06", "created_at": "2021-07-19T15:04:21.714Z", "updated_at": "2021-07-19T15:04:21.714Z", "is_active": true}}, {"model": "ai_staff.timezones", "pk": 12, "fields": {"deleted_at": null, "timezoneid": "AMST", "name": "Amazon Summer Time (Brazil)", "utc_offset": "UTC−03", "created_at": "2021-07-19T15:04:21.723Z", "updated_at": "2021-07-19T15:04:21.723Z", "is_active": true}}, {"model": "ai_staff.timezones", "pk": 13, "fields": {"deleted_at": null, "timezoneid": "AMT", "name": "Amazon Time (Brazil)", "utc_offset": "UTC−04", "created_at": "2021-07-19T15:04:21.726Z", "updated_at": "2021-07-19T15:04:21.726Z", "is_active": true}}, {"model": "ai_staff.timezones", "pk": 14, "fields": {"deleted_at": null, "timezoneid": "AMT", "name": "Armenia Time", "utc_offset": "UTC+04", "created_at": "2021-07-19T15:04:21.730Z", "updated_at": "2021-07-19T15:04:21.730Z", "is_active": true}}, {"model": "ai_staff.timezones", "pk": 15, "fields": {"deleted_at": null, "timezoneid": "ANAT", "name": "Anadyr Time[4]", "utc_offset": "UTC+12", "created_at": "2021-07-19T15:04:21.739Z", "updated_at": "2021-07-19T15:04:21.739Z", "is_active": true}}, {"model": "ai_staff.timezones", "pk": 16, "fields": {"deleted_at": null, "timezoneid": "AQTT", "name": "Aqtobe Time[5]", "utc_offset": "UTC+05", "created_at": "2021-07-19T15:04:21.743Z", "updated_at": "2021-07-19T15:04:21.743Z", "is_active": true}}, {"model": "ai_staff.timezones", "pk": 17, "fields": {"deleted_at": null, "timezoneid": "ART", "name": "Argentina Time", "utc_offset": "UTC−03", "created_at": "2021-07-19T15:04:21.747Z", "updated_at": "2021-07-19T15:04:21.747Z", "is_active": true}}, {"model": "ai_staff.timezones", "pk": 18, "fields": {"deleted_at": null, "timezoneid": "AST", "name": "Arabia Standard Time", "utc_offset": "UTC+03", "created_at": "2021-07-19T15:04:21.756Z", "updated_at": "2021-07-19T15:04:21.756Z", "is_active": true}}, {"model": "ai_staff.timezones", "pk": 19, "fields": {"deleted_at": null, "timezoneid": "AST", "name": "Atlantic Standard Time", "utc_offset": "UTC−04", "created_at": "2021-07-19T15:04:21.760Z", "updated_at": "2021-07-19T15:04:21.760Z", "is_active": true}}, {"model": "ai_staff.timezones", "pk": 20, "fields": {"deleted_at": null, "timezoneid": "AWST", "name": "Australian Western Standard Time", "utc_offset": "UTC+08", "created_at": "2021-07-19T15:04:21.764Z", "updated_at": "2021-07-19T15:04:21.764Z", "is_active": true}}, {"model": "ai_staff.timezones", "pk": 21, "fields": {"deleted_at": null, "timezoneid": "AZOST", "name": "Azores Summer Time", "utc_offset": "UTC±00", "created_at": "2021-07-19T15:04:21.774Z", "updated_at": "2021-07-19T15:04:21.774Z", "is_active": true}}, {"model": "ai_staff.timezones", "pk": 22, "fields": {"deleted_at": null, "timezoneid": "AZOT", "name": "Azores Standard Time", "utc_offset": "UTC−01", "created_at": "2021-07-19T15:04:21.783Z", "updated_at": "2021-07-19T15:04:21.783Z", "is_active": true}}, {"model": "ai_staff.timezones", "pk": 23, "fields": {"deleted_at": null, "timezoneid": "AZT", "name": "Azerbaijan Time", "utc_offset": "UTC+04", "created_at": "2021-07-19T15:04:21.792Z", "updated_at": "2021-07-19T15:04:21.792Z", "is_active": true}}, {"model": "ai_staff.timezones", "pk": 24, "fields": {"deleted_at": null, "timezoneid": "BNT", "name": "Brunei Time", "utc_offset": "UTC+08", "created_at": "2021-07-19T15:04:21.796Z", "updated_at": "2021-07-19T15:04:21.796Z", "is_active": true}}, {"model": "ai_staff.timezones", "pk": 25, "fields": {"deleted_at": null, "timezoneid": "BIOT", "name": "British Indian Ocean Time", "utc_offset": "UTC+06", "created_at": "2021-07-19T15:04:21.805Z", "updated_at": "2021-07-19T15:04:21.805Z", "is_active": true}}, {"model": "ai_staff.timezones", "pk": 26, "fields": {"deleted_at": null, "timezoneid": "BIT", "name": "Baker Island Time", "utc_offset": "UTC−12", "created_at": "2021-07-19T15:04:21.814Z", "updated_at": "2021-07-19T15:04:21.814Z", "is_active": true}}, {"model": "ai_staff.timezones", "pk": 27, "fields": {"deleted_at": null, "timezoneid": "BOT", "name": "Bolivia Time", "utc_offset": "UTC−04", "created_at": "2021-07-19T15:04:21.818Z", "updated_at": "2021-07-19T15:04:21.818Z", "is_active": true}}, {"model": "ai_staff.timezones", "pk": 28, "fields": {"deleted_at": null, "timezoneid": "BRST", "name": "Brasília Summer Time", "utc_offset": "UTC−02", "created_at": "2021-07-19T15:04:21.827Z", "updated_at": "2021-07-19T15:04:21.827Z", "is_active": true}}, {"model": "ai_staff.timezones", "pk": 29, "fields": {"deleted_at": null, "timezoneid": "BRT", "name": "Brasília Time", "utc_offset": "UTC−03", "created_at": "2021-07-19T15:04:21.836Z", "updated_at": "2021-07-19T15:04:21.836Z", "is_active": true}}, {"model": "ai_staff.timezones", "pk": 30, "fields": {"deleted_at": null, "timezoneid": "BST", "name": "Bangladesh Standard Time", "utc_offset": "UTC+06", "created_at": "2021-07-19T15:04:21.840Z", "updated_at": "2021-07-19T15:04:21.840Z", "is_active": true}}, {"model": "ai_staff.timezones", "pk": 31, "fields": {"deleted_at": null, "timezoneid": "BST", "name": "Bougainville Standard Time", "utc_offset": "UTC+11", "created_at": "2021-07-19T15:04:21.849Z", "updated_at": "2021-07-19T15:04:21.849Z", "is_active": true}}, {"model": "ai_staff.timezones", "pk": 32, "fields": {"deleted_at": null, "timezoneid": "BST", "name": "British Summer Time (British Standard Time from Feb 1968 to Oct 1971)", "utc_offset": "UTC+01", "created_at": "2021-07-19T15:04:21.858Z", "updated_at": "2021-07-19T15:04:21.858Z", "is_active": true}}, {"model": "ai_staff.timezones", "pk": 33, "fields": {"deleted_at": null, "timezoneid": "BTT", "name": "Bhutan Time", "utc_offset": "UTC+06", "created_at": "2021-07-19T15:04:21.862Z", "updated_at": "2021-07-19T15:04:21.862Z", "is_active": true}}, {"model": "ai_staff.timezones", "pk": 34, "fields": {"deleted_at": null, "timezoneid": "CAT", "name": "Central Africa Time", "utc_offset": "UTC+02", "created_at": "2021-07-19T15:04:21.871Z", "updated_at": "2021-07-19T15:04:21.871Z", "is_active": true}}, {"model": "ai_staff.timezones", "pk": 35, "fields": {"deleted_at": null, "timezoneid": "CCT", "name": "Cocos Islands Time", "utc_offset": "UTC+06:30", "created_at": "2021-07-19T15:04:21.880Z", "updated_at": "2021-07-19T15:04:21.880Z", "is_active": true}}, {"model": "ai_staff.timezones", "pk": 36, "fields": {"deleted_at": null, "timezoneid": "CDT", "name": "Central Daylight Time (North America)", "utc_offset": "UTC−05", "created_at": "2021-07-19T15:04:21.883Z", "updated_at": "2021-07-19T15:04:21.883Z", "is_active": true}}, {"model": "ai_staff.timezones", "pk": 37, "fields": {"deleted_at": null, "timezoneid": "CDT", "name": "Cuba Daylight Time ", "utc_offset": "UTC−04", "created_at": "2021-07-19T15:04:21.892Z", "updated_at": "2021-07-19T15:04:21.892Z", "is_active": true}}, {"model": "ai_staff.timezones", "pk": 38, "fields": {"deleted_at": null, "timezoneid": "CEST", "name": "Central European Summer Time ", "utc_offset": "UTC+02", "created_at": "2021-07-19T15:04:21.901Z", "updated_at": "2021-07-19T15:04:21.901Z", "is_active": true}}, {"model": "ai_staff.timezones", "pk": 39, "fields": {"deleted_at": null, "timezoneid": "CET", "name": "Central European Time", "utc_offset": "UTC+01", "created_at": "2021-07-19T15:04:21.905Z", "updated_at": "2021-07-19T15:04:21.905Z", "is_active": true}}, {"model": "ai_staff.timezones", "pk": 40, "fields": {"deleted_at": null, "timezoneid": "CHADT", "name": "Chatham Daylight Time", "utc_offset": "UTC+13:45", "created_at": "2021-07-19T15:04:21.914Z", "updated_at": "2021-07-19T15:04:21.914Z", "is_active": true}}, {"model": "ai_staff.timezones", "pk": 41, "fields": {"deleted_at": null, "timezoneid": "CHAST", "name": "Chatham Standard Time", "utc_offset": "UTC+12:45", "created_at": "2021-07-19T15:04:21.923Z", "updated_at": "2021-07-19T15:04:21.923Z", "is_active": true}}, {"model": "ai_staff.timezones", "pk": 42, "fields": {"deleted_at": null, "timezoneid": "CHOT", "name": "Choibalsan Standard Time", "utc_offset": "UTC+08", "created_at": "2021-07-19T15:04:21.926Z", "updated_at": "2021-07-19T15:04:21.926Z", "is_active": true}}, {"model": "ai_staff.timezones", "pk": 43, "fields": {"deleted_at": null, "timezoneid": "CHOST", "name": "Choibalsan Summer Time", "utc_offset": "UTC+09", "created_at": "2021-07-19T15:04:21.935Z", "updated_at": "2021-07-19T15:04:21.935Z", "is_active": true}}, {"model": "ai_staff.timezones", "pk": 44, "fields": {"deleted_at": null, "timezoneid": "CHST", "name": "Chamorro Standard Time", "utc_offset": "UTC+10", "created_at": "2021-07-19T15:04:21.944Z", "updated_at": "2021-07-19T15:04:21.944Z", "is_active": true}}, {"model": "ai_staff.timezones", "pk": 45, "fields": {"deleted_at": null, "timezoneid": "CHUT", "name": "Chuuk Time", "utc_offset": "UTC+10", "created_at": "2021-07-19T15:04:21.948Z", "updated_at": "2021-07-19T15:04:21.948Z", "is_active": true}}, {"model": "ai_staff.timezones", "pk": 46, "fields": {"deleted_at": null, "timezoneid": "CIST", "name": "Clipperton Island Standard Time", "utc_offset": "UTC−08", "created_at": "2021-07-19T15:04:21.957Z", "updated_at": "2021-07-19T15:04:21.957Z", "is_active": true}}, {"model": "ai_staff.timezones", "pk": 47, "fields": {"deleted_at": null, "timezoneid": "CKT", "name": "Cook Island Time", "utc_offset": "UTC−10", "created_at": "2021-07-19T15:04:21.973Z", "updated_at": "2021-07-19T15:04:21.973Z", "is_active": true}}, {"model": "ai_staff.timezones", "pk": 48, "fields": {"deleted_at": null, "timezoneid": "CLST", "name": "Chile Summer Time", "utc_offset": "UTC−03", "created_at": "2021-07-19T15:04:21.976Z", "updated_at": "2021-07-19T15:04:21.976Z", "is_active": true}}, {"model": "ai_staff.timezones", "pk": 49, "fields": {"deleted_at": null, "timezoneid": "CLT", "name": "Chile Standard Time", "utc_offset": "UTC−04", "created_at": "2021-07-19T15:04:21.986Z", "updated_at": "2021-07-19T15:04:21.986Z", "is_active": true}}, {"model": "ai_staff.timezones", "pk": 50, "fields": {"deleted_at": null, "timezoneid": "COST", "name": "Colombia Summer Time", "utc_offset": "UTC−04", "created_at": "2021-07-19T15:04:21.995Z", "updated_at": "2021-07-19T15:04:21.995Z", "is_active": true}}, {"model": "ai_staff.timezones", "pk": 51, "fields": {"deleted_at": null, "timezoneid": "COT", "name": "Colombia Time", "utc_offset": "UTC−05", "created_at": "2021-07-19T15:04:21.998Z", "updated_at": "2021-07-19T15:04:21.998Z", "is_active": true}}, {"model": "ai_staff.timezones", "pk": 52, "fields": {"deleted_at": null, "timezoneid": "CST", "name": "Central Standard Time (North America)", "utc_offset": "UTC−06", "created_at": "2021-07-19T15:04:22.007Z", "updated_at": "2021-07-19T15:04:22.007Z", "is_active": true}}, {"model": "ai_staff.timezones", "pk": 53, "fields": {"deleted_at": null, "timezoneid": "CST", "name": "China Standard Time", "utc_offset": "UTC+08", "created_at": "2021-07-19T15:04:22.016Z", "updated_at": "2021-07-19T15:04:22.016Z", "is_active": true}}, {"model": "ai_staff.timezones", "pk": 54, "fields": {"deleted_at": null, "timezoneid": "CST", "name": "Cuba Standard Time", "utc_offset": "UTC−05", "created_at": "2021-07-19T15:04:22.019Z", "updated_at": "2021-07-19T15:04:22.019Z", "is_active": true}}, {"model": "ai_staff.timezones", "pk": 55, "fields": {"deleted_at": null, "timezoneid": "CT", "name": "Central Time", "utc_offset": "UTC−06/UTC−05", "created_at": "2021-07-19T15:04:22.028Z", "updated_at": "2021-07-19T15:04:22.028Z", "is_active": true}}, {"model": "ai_staff.timezones", "pk": 56, "fields": {"deleted_at": null, "timezoneid": "CVT", "name": "Cape Verde Time", "utc_offset": "UTC−01", "created_at": "2021-07-19T15:04:22.037Z", "updated_at": "2021-07-19T15:04:22.037Z", "is_active": true}}, {"model": "ai_staff.timezones", "pk": 57, "fields": {"deleted_at": null, "timezoneid": "CWST", "name": "Central Western Standard Time (Australia) unofficial", "utc_offset": "UTC+08:45", "created_at": "2021-07-19T15:04:22.046Z", "updated_at": "2021-07-19T15:04:22.046Z", "is_active": true}}, {"model": "ai_staff.timezones", "pk": 58, "fields": {"deleted_at": null, "timezoneid": "CXT", "name": "Christmas Island Time", "utc_offset": "UTC+07", "created_at": "2021-07-19T15:04:22.055Z", "updated_at": "2021-07-19T15:04:22.055Z", "is_active": true}}, {"model": "ai_staff.timezones", "pk": 59, "fields": {"deleted_at": null, "timezoneid": "DAVT", "name": "Davis Time", "utc_offset": "UTC+07", "created_at": "2021-07-19T15:04:22.058Z", "updated_at": "2021-07-19T15:04:22.059Z", "is_active": true}}, {"model": "ai_staff.timezones", "pk": 60, "fields": {"deleted_at": null, "timezoneid": "DDUT", "name": "Dumont d'Urville Time", "utc_offset": "UTC+10", "created_at": "2021-07-19T15:04:22.071Z", "updated_at": "2021-07-19T15:04:22.071Z", "is_active": true}}, {"model": "ai_staff.timezones", "pk": 61, "fields": {"deleted_at": null, "timezoneid": "DFT", "name": "AIX-specific equivalent of Central European Time ", "utc_offset": "UTC+01", "created_at": "2021-07-19T15:04:22.080Z", "updated_at": "2021-07-19T15:04:22.080Z", "is_active": true}}, {"model": "ai_staff.timezones", "pk": 62, "fields": {"deleted_at": null, "timezoneid": "EASST", "name": "Easter Island Summer Time", "utc_offset": "UTC−05", "created_at": "2021-07-19T15:04:22.083Z", "updated_at": "2021-07-19T15:04:22.083Z", "is_active": true}}, {"model": "ai_staff.timezones", "pk": 63, "fields": {"deleted_at": null, "timezoneid": "EAST", "name": "Easter Island Standard Time", "utc_offset": "UTC−06", "created_at": "2021-07-19T15:04:22.092Z", "updated_at": "2021-07-19T15:04:22.092Z", "is_active": true}}, {"model": "ai_staff.timezones", "pk": 64, "fields": {"deleted_at": null, "timezoneid": "EAT", "name": "East Africa Time", "utc_offset": "UTC+03", "created_at": "2021-07-19T15:04:22.101Z", "updated_at": "2021-07-19T15:04:22.101Z", "is_active": true}}, {"model": "ai_staff.timezones", "pk": 65, "fields": {"deleted_at": null, "timezoneid": "ECT", "name": "Eastern Caribbean Time ", "utc_offset": "UTC−04", "created_at": "2021-07-19T15:04:22.104Z", "updated_at": "2021-07-19T15:04:22.104Z", "is_active": true}}, {"model": "ai_staff.timezones", "pk": 66, "fields": {"deleted_at": null, "timezoneid": "ECT", "name": "Ecuador Time", "utc_offset": "UTC−05", "created_at": "2021-07-19T15:04:22.113Z", "updated_at": "2021-07-19T15:04:22.113Z", "is_active": true}}, {"model": "ai_staff.timezones", "pk": 67, "fields": {"deleted_at": null, "timezoneid": "EDT", "name": "Eastern Daylight Time (North America)", "utc_offset": "UTC−04", "created_at": "2021-07-19T15:04:22.122Z", "updated_at": "2021-07-19T15:04:22.122Z", "is_active": true}}, {"model": "ai_staff.timezones", "pk": 68, "fields": {"deleted_at": null, "timezoneid": "EEST", "name": "Eastern European Summer Time", "utc_offset": "UTC+03", "created_at": "2021-07-19T15:04:22.126Z", "updated_at": "2021-07-19T15:04:22.126Z", "is_active": true}}, {"model": "ai_staff.timezones", "pk": 69, "fields": {"deleted_at": null, "timezoneid": "EET", "name": "Eastern European Time", "utc_offset": "UTC+02", "created_at": "2021-07-19T15:04:22.135Z", "updated_at": "2021-07-19T15:04:22.135Z", "is_active": true}}, {"model": "ai_staff.timezones", "pk": 70, "fields": {"deleted_at": null, "timezoneid": "EGST", "name": "Eastern Greenland Summer Time", "utc_offset": "UTC±00", "created_at": "2021-07-19T15:04:22.144Z", "updated_at": "2021-07-19T15:04:22.144Z", "is_active": true}}, {"model": "ai_staff.timezones", "pk": 71, "fields": {"deleted_at": null, "timezoneid": "EGT", "name": "Eastern Greenland Time", "utc_offset": "UTC−01", "created_at": "2021-07-19T15:04:22.147Z", "updated_at": "2021-07-19T15:04:22.147Z", "is_active": true}}, {"model": "ai_staff.timezones", "pk": 72, "fields": {"deleted_at": null, "timezoneid": "EST", "name": "Eastern Standard Time (North America)", "utc_offset": "UTC−05", "created_at": "2021-07-19T15:04:22.156Z", "updated_at": "2021-07-19T15:04:22.156Z", "is_active": true}}, {"model": "ai_staff.timezones", "pk": 73, "fields": {"deleted_at": null, "timezoneid": "FET", "name": "Further-eastern European Time", "utc_offset": "UTC+03", "created_at": "2021-07-19T15:04:22.169Z", "updated_at": "2021-07-19T15:04:22.169Z", "is_active": true}}, {"model": "ai_staff.timezones", "pk": 74, "fields": {"deleted_at": null, "timezoneid": "FJT", "name": "Fiji Time", "utc_offset": "UTC+12", "created_at": "2021-07-19T15:04:22.172Z", "updated_at": "2021-07-19T15:04:22.172Z", "is_active": true}}, {"model": "ai_staff.timezones", "pk": 75, "fields": {"deleted_at": null, "timezoneid": "FKST", "name": "Falkland Islands Summer Time", "utc_offset": "UTC−03", "created_at": "2021-07-19T15:04:22.181Z", "updated_at": "2021-07-19T15:04:22.181Z", "is_active": true}}, {"model": "ai_staff.timezones", "pk": 76, "fields": {"deleted_at": null, "timezoneid": "FKT", "name": "Falkland Islands Time", "utc_offset": "UTC−04", "created_at": "2021-07-19T15:04:22.190Z", "updated_at": "2021-07-19T15:04:22.190Z", "is_active": true}}, {"model": "ai_staff.timezones", "pk": 77, "fields": {"deleted_at": null, "timezoneid": "FNT", "name": "Fernando de Noronha Time", "utc_offset": "UTC−02", "created_at": "2021-07-19T15:04:22.193Z", "updated_at": "2021-07-19T15:04:22.193Z", "is_active": true}}, {"model": "ai_staff.timezones", "pk": 78, "fields": {"deleted_at": null, "timezoneid": "GALT", "name": "Galápagos Time", "utc_offset": "UTC−06", "created_at": "2021-07-19T15:04:22.202Z", "updated_at": "2021-07-19T15:04:22.202Z", "is_active": true}}, {"model": "ai_staff.timezones", "pk": 79, "fields": {"deleted_at": null, "timezoneid": "GAMT", "name": "Gambier Islands Time", "utc_offset": "UTC−09", "created_at": "2021-07-19T15:04:22.212Z", "updated_at": "2021-07-19T15:04:22.212Z", "is_active": true}}, {"model": "ai_staff.timezones", "pk": 80, "fields": {"deleted_at": null, "timezoneid": "GET", "name": "Georgia Standard Time", "utc_offset": "UTC+04", "created_at": "2021-07-19T15:04:22.215Z", "updated_at": "2021-07-19T15:04:22.215Z", "is_active": true}}, {"model": "ai_staff.timezones", "pk": 81, "fields": {"deleted_at": null, "timezoneid": "GFT", "name": "French Guiana Time", "utc_offset": "UTC−03", "created_at": "2021-07-19T15:04:22.224Z", "updated_at": "2021-07-19T15:04:22.224Z", "is_active": true}}, {"model": "ai_staff.timezones", "pk": 82, "fields": {"deleted_at": null, "timezoneid": "GILT", "name": "Gilbert Island Time", "utc_offset": "UTC+12", "created_at": "2021-07-19T15:04:22.233Z", "updated_at": "2021-07-19T15:04:22.233Z", "is_active": true}}, {"model": "ai_staff.timezones", "pk": 83, "fields": {"deleted_at": null, "timezoneid": "GIT", "name": "Gambier Island Time", "utc_offset": "UTC−09", "created_at": "2021-07-19T15:04:22.236Z", "updated_at": "2021-07-19T15:04:22.236Z", "is_active": true}}, {"model": "ai_staff.timezones", "pk": 84, "fields": {"deleted_at": null, "timezoneid": "GMT", "name": "Greenwich Mean Time", "utc_offset": "UTC±00", "created_at": "2021-07-19T15:04:22.245Z", "updated_at": "2021-07-19T15:04:22.245Z", "is_active": true}}, {"model": "ai_staff.timezones", "pk": 85, "fields": {"deleted_at": null, "timezoneid": "GST", "name": "South Georgia and the South Sandwich Islands Time", "utc_offset": "UTC−02", "created_at": "2021-07-19T15:04:22.254Z", "updated_at": "2021-07-19T15:04:22.254Z", "is_active": true}}, {"model": "ai_staff.timezones", "pk": 86, "fields": {"deleted_at": null, "timezoneid": "GST", "name": "Gulf Standard Time", "utc_offset": "UTC+04", "created_at": "2021-07-19T15:04:22.257Z", "updated_at": "2021-07-19T15:04:22.257Z", "is_active": true}}, {"model": "ai_staff.timezones", "pk": 87, "fields": {"deleted_at": null, "timezoneid": "GYT", "name": "Guyana Time", "utc_offset": "UTC−04", "created_at": "2021-07-19T15:04:22.267Z", "updated_at": "2021-07-19T15:04:22.267Z", "is_active": true}}, {"model": "ai_staff.timezones", "pk": 88, "fields": {"deleted_at": null, "timezoneid": "HDT", "name": "Hawaii–Aleutian Daylight Time", "utc_offset": "UTC−09", "created_at": "2021-07-19T15:04:22.276Z", "updated_at": "2021-07-19T15:04:22.276Z", "is_active": true}}, {"model": "ai_staff.timezones", "pk": 89, "fields": {"deleted_at": null, "timezoneid": "HAEC", "name": "Heure Avancée d'Europe Centrale CEST", "utc_offset": "UTC+02", "created_at": "2021-07-19T15:04:22.279Z", "updated_at": "2021-07-19T15:04:22.279Z", "is_active": true}}, {"model": "ai_staff.timezones", "pk": 90, "fields": {"deleted_at": null, "timezoneid": "HST", "name": "Hawaii–Aleutian Standard Time", "utc_offset": "UTC−10", "created_at": "2021-07-19T15:04:22.289Z", "updated_at": "2021-07-19T15:04:22.289Z", "is_active": true}}, {"model": "ai_staff.timezones", "pk": 91, "fields": {"deleted_at": null, "timezoneid": "HKT", "name": "Hong Kong Time", "utc_offset": "UTC+08", "created_at": "2021-07-19T15:04:22.298Z", "updated_at": "2021-07-19T15:04:22.298Z", "is_active": true}}, {"model": "ai_staff.timezones", "pk": 92, "fields": {"deleted_at": null, "timezoneid": "HMT", "name": "Heard and McDonald Islands Time", "utc_offset": "UTC+05", "created_at": "2021-07-19T15:04:22.301Z", "updated_at": "2021-07-19T15:04:22.301Z", "is_active": true}}, {"model": "ai_staff.timezones", "pk": 93, "fields": {"deleted_at": null, "timezoneid": "HOVT", "name": "Hovd Time", "utc_offset": "UTC+07", "created_at": "2021-07-19T15:04:22.310Z", "updated_at": "2021-07-19T15:04:22.310Z", "is_active": true}}, {"model": "ai_staff.timezones", "pk": 94, "fields": {"deleted_at": null, "timezoneid": "ICT", "name": "Indochina Time", "utc_offset": "UTC+07", "created_at": "2021-07-19T15:04:22.319Z", "updated_at": "2021-07-19T15:04:22.319Z", "is_active": true}}, {"model": "ai_staff.timezones", "pk": 95, "fields": {"deleted_at": null, "timezoneid": "IDLW", "name": "International Day Line West time zone", "utc_offset": "UTC−12", "created_at": "2021-07-19T15:04:22.323Z", "updated_at": "2021-07-19T15:04:22.323Z", "is_active": true}}, {"model": "ai_staff.timezones", "pk": 96, "fields": {"deleted_at": null, "timezoneid": "IDT", "name": "Israel Daylight Time", "utc_offset": "UTC+03", "created_at": "2021-07-19T15:04:22.332Z", "updated_at": "2021-07-19T15:04:22.332Z", "is_active": true}}, {"model": "ai_staff.timezones", "pk": 97, "fields": {"deleted_at": null, "timezoneid": "IOT", "name": "Indian Ocean Time", "utc_offset": "UTC+03", "created_at": "2021-07-19T15:04:22.341Z", "updated_at": "2021-07-19T15:04:22.341Z", "is_active": true}}, {"model": "ai_staff.timezones", "pk": 98, "fields": {"deleted_at": null, "timezoneid": "IRDT", "name": "Iran Daylight Time", "utc_offset": "UTC+04:30", "created_at": "2021-07-19T15:04:22.344Z", "updated_at": "2021-07-19T15:04:22.344Z", "is_active": true}}, {"model": "ai_staff.timezones", "pk": 99, "fields": {"deleted_at": null, "timezoneid": "IRKT", "name": "Irkutsk Time", "utc_offset": "UTC+08", "created_at": "2021-07-19T15:04:22.353Z", "updated_at": "2021-07-19T15:04:22.353Z", "is_active": true}}, {"model": "ai_staff.timezones", "pk": 100, "fields": {"deleted_at": null, "timezoneid": "IRST", "name": "Iran Standard Time", "utc_offset": "UTC+03:30", "created_at": "2021-07-19T15:04:22.362Z", "updated_at": "2021-07-19T15:04:22.362Z", "is_active": true}}, {"model": "ai_staff.timezones", "pk": 101, "fields": {"deleted_at": null, "timezoneid": "IST", "name": "Indian Standard Time", "utc_offset": "UTC+05:30", "created_at": "2021-07-19T15:04:22.366Z", "updated_at": "2021-07-19T15:04:22.366Z", "is_active": true}}, {"model": "ai_staff.timezones", "pk": 102, "fields": {"deleted_at": null, "timezoneid": "IST", "name": "Irish Standard Time[8]", "utc_offset": "UTC+01", "created_at": "2021-07-19T15:04:22.378Z", "updated_at": "2021-07-19T15:04:22.378Z", "is_active": true}}, {"model": "ai_staff.timezones", "pk": 103, "fields": {"deleted_at": null, "timezoneid": "IST", "name": "Israel Standard Time", "utc_offset": "UTC+02", "created_at": "2021-07-19T15:04:22.395Z", "updated_at": "2021-07-19T15:04:22.395Z", "is_active": true}}, {"model": "ai_staff.timezones", "pk": 104, "fields": {"deleted_at": null, "timezoneid": "JST", "name": "Japan Standard Time", "utc_offset": "UTC+09", "created_at": "2021-07-19T15:04:22.402Z", "updated_at": "2021-07-19T15:04:22.402Z", "is_active": true}}, {"model": "ai_staff.timezones", "pk": 105, "fields": {"deleted_at": null, "timezoneid": "KALT", "name": "Kaliningrad Time", "utc_offset": "UTC+02", "created_at": "2021-07-19T15:04:22.411Z", "updated_at": "2021-07-19T15:04:22.411Z", "is_active": true}}, {"model": "ai_staff.timezones", "pk": 106, "fields": {"deleted_at": null, "timezoneid": "KGT", "name": "Kyrgyzstan Time", "utc_offset": "UTC+06", "created_at": "2021-07-19T15:04:22.414Z", "updated_at": "2021-07-19T15:04:22.415Z", "is_active": true}}, {"model": "ai_staff.timezones", "pk": 107, "fields": {"deleted_at": null, "timezoneid": "KOST", "name": "Kosrae Time", "utc_offset": "UTC+11", "created_at": "2021-07-19T15:04:22.418Z", "updated_at": "2021-07-19T15:04:22.418Z", "is_active": true}}, {"model": "ai_staff.timezones", "pk": 108, "fields": {"deleted_at": null, "timezoneid": "KRAT", "name": "Krasnoyarsk Time", "utc_offset": "UTC+07", "created_at": "2021-07-19T15:04:22.426Z", "updated_at": "2021-07-19T15:04:22.426Z", "is_active": true}}, {"model": "ai_staff.timezones", "pk": 109, "fields": {"deleted_at": null, "timezoneid": "KST", "name": "Korea Standard Time", "utc_offset": "UTC+09", "created_at": "2021-07-19T15:04:22.430Z", "updated_at": "2021-07-19T15:04:22.430Z", "is_active": true}}, {"model": "ai_staff.timezones", "pk": 110, "fields": {"deleted_at": null, "timezoneid": "LHST", "name": "Lord Howe Standard Time", "utc_offset": "UTC+10:30", "created_at": "2021-07-19T15:04:22.433Z", "updated_at": "2021-07-19T15:04:22.433Z", "is_active": true}}, {"model": "ai_staff.timezones", "pk": 111, "fields": {"deleted_at": null, "timezoneid": "LHST", "name": "Lord Howe Summer Time", "utc_offset": "UTC+11", "created_at": "2021-07-19T15:04:22.441Z", "updated_at": "2021-07-19T15:04:22.441Z", "is_active": true}}, {"model": "ai_staff.timezones", "pk": 112, "fields": {"deleted_at": null, "timezoneid": "LINT", "name": "Line Islands Time", "utc_offset": "UTC+14", "created_at": "2021-07-19T15:04:22.444Z", "updated_at": "2021-07-19T15:04:22.444Z", "is_active": true}}, {"model": "ai_staff.timezones", "pk": 113, "fields": {"deleted_at": null, "timezoneid": "MAGT", "name": "Magadan Time", "utc_offset": "UTC+12", "created_at": "2021-07-19T15:04:22.447Z", "updated_at": "2021-07-19T15:04:22.447Z", "is_active": true}}, {"model": "ai_staff.timezones", "pk": 114, "fields": {"deleted_at": null, "timezoneid": "MART", "name": "Marquesas Islands Time", "utc_offset": "UTC−09:30", "created_at": "2021-07-19T15:04:22.457Z", "updated_at": "2021-07-19T15:04:22.457Z", "is_active": true}}, {"model": "ai_staff.timezones", "pk": 115, "fields": {"deleted_at": null, "timezoneid": "MAWT", "name": "Mawson Station Time", "utc_offset": "UTC+05", "created_at": "2021-07-19T15:04:22.463Z", "updated_at": "2021-07-19T15:04:22.463Z", "is_active": true}}, {"model": "ai_staff.timezones", "pk": 116, "fields": {"deleted_at": null, "timezoneid": "MDT", "name": "Mountain Daylight Time (North America)", "utc_offset": "UTC−06", "created_at": "2021-07-19T15:04:22.467Z", "updated_at": "2021-07-19T15:04:22.467Z", "is_active": true}}, {"model": "ai_staff.timezones", "pk": 117, "fields": {"deleted_at": null, "timezoneid": "MET", "name": "Middle European Time (CET)", "utc_offset": "UTC+01", "created_at": "2021-07-19T15:04:22.483Z", "updated_at": "2021-07-19T15:04:22.483Z", "is_active": true}}, {"model": "ai_staff.timezones", "pk": 118, "fields": {"deleted_at": null, "timezoneid": "MEST", "name": "Middle European Summer Time (CEST)", "utc_offset": "UTC+02", "created_at": "2021-07-19T15:04:22.486Z", "updated_at": "2021-07-19T15:04:22.486Z", "is_active": true}}, {"model": "ai_staff.timezones", "pk": 119, "fields": {"deleted_at": null, "timezoneid": "MHT", "name": "Marshall Islands Time", "utc_offset": "UTC+12", "created_at": "2021-07-19T15:04:22.492Z", "updated_at": "2021-07-19T15:04:22.492Z", "is_active": true}}, {"model": "ai_staff.timezones", "pk": 120, "fields": {"deleted_at": null, "timezoneid": "MIST", "name": "Macquarie Island Station Time", "utc_offset": "UTC+11", "created_at": "2021-07-19T15:04:22.509Z", "updated_at": "2021-07-19T15:04:22.509Z", "is_active": true}}, {"model": "ai_staff.timezones", "pk": 121, "fields": {"deleted_at": null, "timezoneid": "MIT", "name": "Marquesas Islands Time", "utc_offset": "UTC−09:30", "created_at": "2021-07-19T15:04:22.518Z", "updated_at": "2021-07-19T15:04:22.518Z", "is_active": true}}, {"model": "ai_staff.timezones", "pk": 122, "fields": {"deleted_at": null, "timezoneid": "MMT", "name": "Myanmar Standard Time", "utc_offset": "UTC+06:30", "created_at": "2021-07-19T15:04:22.524Z", "updated_at": "2021-07-19T15:04:22.524Z", "is_active": true}}, {"model": "ai_staff.timezones", "pk": 123, "fields": {"deleted_at": null, "timezoneid": "MSK", "name": "Moscow Time", "utc_offset": "UTC+03", "created_at": "2021-07-19T15:04:22.533Z", "updated_at": "2021-07-19T15:04:22.533Z", "is_active": true}}, {"model": "ai_staff.timezones", "pk": 124, "fields": {"deleted_at": null, "timezoneid": "MST", "name": "Malaysia Standard Time", "utc_offset": "UTC+08", "created_at": "2021-07-19T15:04:22.542Z", "updated_at": "2021-07-19T15:04:22.542Z", "is_active": true}}, {"model": "ai_staff.timezones", "pk": 125, "fields": {"deleted_at": null, "timezoneid": "MST", "name": "Mountain Standard Time (North America)", "utc_offset": "UTC−07", "created_at": "2021-07-19T15:04:22.545Z", "updated_at": "2021-07-19T15:04:22.545Z", "is_active": true}}, {"model": "ai_staff.timezones", "pk": 126, "fields": {"deleted_at": null, "timezoneid": "MUT", "name": "Mauritius Time", "utc_offset": "UTC+04", "created_at": "2021-07-19T15:04:22.554Z", "updated_at": "2021-07-19T15:04:22.554Z", "is_active": true}}, {"model": "ai_staff.timezones", "pk": 127, "fields": {"deleted_at": null, "timezoneid": "MVT", "name": "Maldives Time", "utc_offset": "UTC+05", "created_at": "2021-07-19T15:04:22.563Z", "updated_at": "2021-07-19T15:04:22.563Z", "is_active": true}}, {"model": "ai_staff.timezones", "pk": 128, "fields": {"deleted_at": null, "timezoneid": "MYT", "name": "Malaysia Time", "utc_offset": "UTC+08", "created_at": "2021-07-19T15:04:22.567Z", "updated_at": "2021-07-19T15:04:22.567Z", "is_active": true}}, {"model": "ai_staff.timezones", "pk": 129, "fields": {"deleted_at": null, "timezoneid": "NCT", "name": "New Caledonia Time", "utc_offset": "UTC+11", "created_at": "2021-07-19T15:04:22.575Z", "updated_at": "2021-07-19T15:04:22.575Z", "is_active": true}}, {"model": "ai_staff.timezones", "pk": 130, "fields": {"deleted_at": null, "timezoneid": "NDT", "name": "Newfoundland Daylight Time", "utc_offset": "UTC−02:30", "created_at": "2021-07-19T15:04:22.584Z", "updated_at": "2021-07-19T15:04:22.584Z", "is_active": true}}, {"model": "ai_staff.timezones", "pk": 131, "fields": {"deleted_at": null, "timezoneid": "NFT", "name": "Norfolk Island Time", "utc_offset": "UTC+11", "created_at": "2021-07-19T15:04:22.593Z", "updated_at": "2021-07-19T15:04:22.593Z", "is_active": true}}, {"model": "ai_staff.timezones", "pk": 132, "fields": {"deleted_at": null, "timezoneid": "NOVT", "name": "Novosibirsk Time [9]", "utc_offset": "UTC+07", "created_at": "2021-07-19T15:04:22.596Z", "updated_at": "2021-07-19T15:04:22.596Z", "is_active": true}}, {"model": "ai_staff.timezones", "pk": 133, "fields": {"deleted_at": null, "timezoneid": "NPT", "name": "Nepal Time", "utc_offset": "UTC+05:45", "created_at": "2021-07-19T15:04:22.605Z", "updated_at": "2021-07-19T15:04:22.605Z", "is_active": true}}, {"model": "ai_staff.timezones", "pk": 134, "fields": {"deleted_at": null, "timezoneid": "NST", "name": "Newfoundland Standard Time", "utc_offset": "UTC−03:30", "created_at": "2021-07-19T15:04:22.614Z", "updated_at": "2021-07-19T15:04:22.614Z", "is_active": true}}, {"model": "ai_staff.timezones", "pk": 135, "fields": {"deleted_at": null, "timezoneid": "NT", "name": "Newfoundland Time", "utc_offset": "UTC−03:30", "created_at": "2021-07-19T15:04:22.617Z", "updated_at": "2021-07-19T15:04:22.617Z", "is_active": true}}, {"model": "ai_staff.timezones", "pk": 136, "fields": {"deleted_at": null, "timezoneid": "NUT", "name": "Niue Time", "utc_offset": "UTC−11", "created_at": "2021-07-19T15:04:22.625Z", "updated_at": "2021-07-19T15:04:22.625Z", "is_active": true}}, {"model": "ai_staff.timezones", "pk": 137, "fields": {"deleted_at": null, "timezoneid": "NZDT", "name": "New Zealand Daylight Time", "utc_offset": "UTC+13", "created_at": "2021-07-19T15:04:22.634Z", "updated_at": "2021-07-19T15:04:22.634Z", "is_active": true}}, {"model": "ai_staff.timezones", "pk": 138, "fields": {"deleted_at": null, "timezoneid": "NZST", "name": "New Zealand Standard Time", "utc_offset": "UTC+12", "created_at": "2021-07-19T15:04:22.637Z", "updated_at": "2021-07-19T15:04:22.637Z", "is_active": true}}, {"model": "ai_staff.timezones", "pk": 139, "fields": {"deleted_at": null, "timezoneid": "OMST", "name": "Omsk Time", "utc_offset": "UTC+06", "created_at": "2021-07-19T15:04:22.646Z", "updated_at": "2021-07-19T15:04:22.646Z", "is_active": true}}, {"model": "ai_staff.timezones", "pk": 140, "fields": {"deleted_at": null, "timezoneid": "ORAT", "name": "Oral Time", "utc_offset": "UTC+05", "created_at": "2021-07-19T15:04:22.655Z", "updated_at": "2021-07-19T15:04:22.655Z", "is_active": true}}, {"model": "ai_staff.timezones", "pk": 141, "fields": {"deleted_at": null, "timezoneid": "PDT", "name": "Pacific Daylight Time (North America)", "utc_offset": "UTC−07", "created_at": "2021-07-19T15:04:22.658Z", "updated_at": "2021-07-19T15:04:22.658Z", "is_active": true}}, {"model": "ai_staff.timezones", "pk": 142, "fields": {"deleted_at": null, "timezoneid": "PET", "name": "Peru Time", "utc_offset": "UTC−05", "created_at": "2021-07-19T15:04:22.667Z", "updated_at": "2021-07-19T15:04:22.667Z", "is_active": true}}, {"model": "ai_staff.timezones", "pk": 143, "fields": {"deleted_at": null, "timezoneid": "PETT", "name": "Kamchatka Time", "utc_offset": "UTC+12", "created_at": "2021-07-19T15:04:22.676Z", "updated_at": "2021-07-19T15:04:22.676Z", "is_active": true}}, {"model": "ai_staff.timezones", "pk": 144, "fields": {"deleted_at": null, "timezoneid": "PGT", "name": "Papua New Guinea Time", "utc_offset": "UTC+10", "created_at": "2021-07-19T15:04:22.679Z", "updated_at": "2021-07-19T15:04:22.679Z", "is_active": true}}, {"model": "ai_staff.timezones", "pk": 145, "fields": {"deleted_at": null, "timezoneid": "PHOT", "name": "Phoenix Island Time", "utc_offset": "UTC+13", "created_at": "2021-07-19T15:04:22.688Z", "updated_at": "2021-07-19T15:04:22.688Z", "is_active": true}}, {"model": "ai_staff.timezones", "pk": 146, "fields": {"deleted_at": null, "timezoneid": "PHT", "name": "Philippine Time", "utc_offset": "UTC+08", "created_at": "2021-07-19T15:04:22.697Z", "updated_at": "2021-07-19T15:04:22.697Z", "is_active": true}}, {"model": "ai_staff.timezones", "pk": 147, "fields": {"deleted_at": null, "timezoneid": "PKT", "name": "Pakistan Standard Time", "utc_offset": "UTC+05", "created_at": "2021-07-19T15:04:22.710Z", "updated_at": "2021-07-19T15:04:22.710Z", "is_active": true}}, {"model": "ai_staff.timezones", "pk": 148, "fields": {"deleted_at": null, "timezoneid": "PMDT", "name": "Saint Pierre and Miquelon Daylight Time", "utc_offset": "UTC−02", "created_at": "2021-07-19T15:04:22.719Z", "updated_at": "2021-07-19T15:04:22.719Z", "is_active": true}}, {"model": "ai_staff.timezones", "pk": 149, "fields": {"deleted_at": null, "timezoneid": "PMST", "name": "Saint Pierre and Miquelon Standard Time", "utc_offset": "UTC−03", "created_at": "2021-07-19T15:04:22.728Z", "updated_at": "2021-07-19T15:04:22.728Z", "is_active": true}}, {"model": "ai_staff.timezones", "pk": 150, "fields": {"deleted_at": null, "timezoneid": "PONT", "name": "Pohnpei Standard Time", "utc_offset": "UTC+11", "created_at": "2021-07-19T15:04:22.731Z", "updated_at": "2021-07-19T15:04:22.731Z", "is_active": true}}, {"model": "ai_staff.timezones", "pk": 151, "fields": {"deleted_at": null, "timezoneid": "PST", "name": "Pacific Standard Time (North America)", "utc_offset": "UTC−08", "created_at": "2021-07-19T15:04:22.740Z", "updated_at": "2021-07-19T15:04:22.740Z", "is_active": true}}, {"model": "ai_staff.timezones", "pk": 152, "fields": {"deleted_at": null, "timezoneid": "PST", "name": "Philippine Standard Time", "utc_offset": "UTC+08", "created_at": "2021-07-19T15:04:22.749Z", "updated_at": "2021-07-19T15:04:22.749Z", "is_active": true}}, {"model": "ai_staff.timezones", "pk": 153, "fields": {"deleted_at": null, "timezoneid": "PWT", "name": "Palau Time", "utc_offset": "UTC+09", "created_at": "2021-07-19T15:04:22.752Z", "updated_at": "2021-07-19T15:04:22.752Z", "is_active": true}}, {"model": "ai_staff.timezones", "pk": 154, "fields": {"deleted_at": null, "timezoneid": "PYST", "name": "Paraguay Summer Time", "utc_offset": "UTC−03", "created_at": "2021-07-19T15:04:22.760Z", "updated_at": "2021-07-19T15:04:22.760Z", "is_active": true}}, {"model": "ai_staff.timezones", "pk": 155, "fields": {"deleted_at": null, "timezoneid": "PYT", "name": "Paraguay Time", "utc_offset": "UTC−04", "created_at": "2021-07-19T15:04:22.777Z", "updated_at": "2021-07-19T15:04:22.777Z", "is_active": true}}, {"model": "ai_staff.timezones", "pk": 156, "fields": {"deleted_at": null, "timezoneid": "RET", "name": "Réunion Time", "utc_offset": "UTC+04", "created_at": "2021-07-19T15:04:22.786Z", "updated_at": "2021-07-19T15:04:22.786Z", "is_active": true}}, {"model": "ai_staff.timezones", "pk": 157, "fields": {"deleted_at": null, "timezoneid": "ROTT", "name": "Rothera Research Station Time", "utc_offset": "UTC−03", "created_at": "2021-07-19T15:04:22.795Z", "updated_at": "2021-07-19T15:04:22.795Z", "is_active": true}}, {"model": "ai_staff.timezones", "pk": 158, "fields": {"deleted_at": null, "timezoneid": "SAKT", "name": "Sakhalin Island Time", "utc_offset": "UTC+11", "created_at": "2021-07-19T15:04:22.808Z", "updated_at": "2021-07-19T15:04:22.808Z", "is_active": true}}, {"model": "ai_staff.timezones", "pk": 159, "fields": {"deleted_at": null, "timezoneid": "SAMT", "name": "Samara Time", "utc_offset": "UTC+04", "created_at": "2021-07-19T15:04:22.818Z", "updated_at": "2021-07-19T15:04:22.818Z", "is_active": true}}, {"model": "ai_staff.timezones", "pk": 160, "fields": {"deleted_at": null, "timezoneid": "SAST", "name": "South African Standard Time", "utc_offset": "UTC+02", "created_at": "2021-07-19T15:04:22.830Z", "updated_at": "2021-07-19T15:04:22.830Z", "is_active": true}}, {"model": "ai_staff.timezones", "pk": 161, "fields": {"deleted_at": null, "timezoneid": "SBT", "name": "Solomon Islands Time", "utc_offset": "UTC+11", "created_at": "2021-07-19T15:04:22.833Z", "updated_at": "2021-07-19T15:04:22.833Z", "is_active": true}}, {"model": "ai_staff.timezones", "pk": 162, "fields": {"deleted_at": null, "timezoneid": "SCT", "name": "Seychelles Time", "utc_offset": "UTC+04", "created_at": "2021-07-19T15:04:22.841Z", "updated_at": "2021-07-19T15:04:22.841Z", "is_active": true}}, {"model": "ai_staff.timezones", "pk": 163, "fields": {"deleted_at": null, "timezoneid": "SDT", "name": "Samoa Daylight Time", "utc_offset": "UTC−10", "created_at": "2021-07-19T15:04:22.858Z", "updated_at": "2021-07-19T15:04:22.858Z", "is_active": true}}, {"model": "ai_staff.timezones", "pk": 164, "fields": {"deleted_at": null, "timezoneid": "SGT", "name": "Singapore Time", "utc_offset": "UTC+08", "created_at": "2021-07-19T15:04:22.864Z", "updated_at": "2021-07-19T15:04:22.864Z", "is_active": true}}, {"model": "ai_staff.timezones", "pk": 165, "fields": {"deleted_at": null, "timezoneid": "SLST", "name": "Sri Lanka Standard Time", "utc_offset": "UTC+05:30", "created_at": "2021-07-19T15:04:22.874Z", "updated_at": "2021-07-19T15:04:22.874Z", "is_active": true}}, {"model": "ai_staff.timezones", "pk": 166, "fields": {"deleted_at": null, "timezoneid": "SRET", "name": "Srednekolymsk Time", "utc_offset": "UTC+11", "created_at": "2021-07-19T15:04:22.883Z", "updated_at": "2021-07-19T15:04:22.883Z", "is_active": true}}, {"model": "ai_staff.timezones", "pk": 167, "fields": {"deleted_at": null, "timezoneid": "SRT", "name": "Suriname Time", "utc_offset": "UTC−03", "created_at": "2021-07-19T15:04:22.896Z", "updated_at": "2021-07-19T15:04:22.896Z", "is_active": true}}, {"model": "ai_staff.timezones", "pk": 168, "fields": {"deleted_at": null, "timezoneid": "SST", "name": "Samoa Standard Time", "utc_offset": "UTC−11", "created_at": "2021-07-19T15:04:22.907Z", "updated_at": "2021-07-19T15:04:22.907Z", "is_active": true}}, {"model": "ai_staff.timezones", "pk": 169, "fields": {"deleted_at": null, "timezoneid": "SST", "name": "Singapore Standard Time", "utc_offset": "UTC+08", "created_at": "2021-07-19T15:04:22.916Z", "updated_at": "2021-07-19T15:04:22.916Z", "is_active": true}}, {"model": "ai_staff.timezones", "pk": 170, "fields": {"deleted_at": null, "timezoneid": "SYOT", "name": "Showa Station Time", "utc_offset": "UTC+03", "created_at": "2021-07-19T15:04:22.919Z", "updated_at": "2021-07-19T15:04:22.919Z", "is_active": true}}, {"model": "ai_staff.timezones", "pk": 171, "fields": {"deleted_at": null, "timezoneid": "TAHT", "name": "Tahiti Time", "utc_offset": "UTC−10", "created_at": "2021-07-19T15:04:22.922Z", "updated_at": "2021-07-19T15:04:22.922Z", "is_active": true}}, {"model": "ai_staff.timezones", "pk": 172, "fields": {"deleted_at": null, "timezoneid": "THA", "name": "Thailand Standard Time", "utc_offset": "UTC+07", "created_at": "2021-07-19T15:04:22.931Z", "updated_at": "2021-07-19T15:04:22.931Z", "is_active": true}}, {"model": "ai_staff.timezones", "pk": 173, "fields": {"deleted_at": null, "timezoneid": "TFT", "name": "French Southern and Antarctic Time", "utc_offset": "UTC+05", "created_at": "2021-07-19T15:04:22.934Z", "updated_at": "2021-07-19T15:04:22.934Z", "is_active": true}}, {"model": "ai_staff.timezones", "pk": 174, "fields": {"deleted_at": null, "timezoneid": "TJT", "name": "Tajikistan Time", "utc_offset": "UTC+05", "created_at": "2021-07-19T15:04:22.937Z", "updated_at": "2021-07-19T15:04:22.937Z", "is_active": true}}, {"model": "ai_staff.timezones", "pk": 175, "fields": {"deleted_at": null, "timezoneid": "TKT", "name": "Tokelau Time", "utc_offset": "UTC+13", "created_at": "2021-07-19T15:04:22.949Z", "updated_at": "2021-07-19T15:04:22.949Z", "is_active": true}}, {"model": "ai_staff.timezones", "pk": 176, "fields": {"deleted_at": null, "timezoneid": "TLT", "name": "Timor Leste Time", "utc_offset": "UTC+09", "created_at": "2021-07-19T15:04:22.959Z", "updated_at": "2021-07-19T15:04:22.959Z", "is_active": true}}, {"model": "ai_staff.timezones", "pk": 177, "fields": {"deleted_at": null, "timezoneid": "TMT", "name": "Turkmenistan Time", "utc_offset": "UTC+05", "created_at": "2021-07-19T15:04:22.973Z", "updated_at": "2021-07-19T15:04:22.973Z", "is_active": true}}, {"model": "ai_staff.timezones", "pk": 178, "fields": {"deleted_at": null, "timezoneid": "TRT", "name": "Turkey Time", "utc_offset": "UTC+03", "created_at": "2021-07-19T15:04:22.999Z", "updated_at": "2021-07-19T15:04:22.999Z", "is_active": true}}, {"model": "ai_staff.timezones", "pk": 179, "fields": {"deleted_at": null, "timezoneid": "TOT", "name": "Tonga Time", "utc_offset": "UTC+13", "created_at": "2021-07-19T15:04:23.009Z", "updated_at": "2021-07-19T15:04:23.009Z", "is_active": true}}, {"model": "ai_staff.timezones", "pk": 180, "fields": {"deleted_at": null, "timezoneid": "TVT", "name": "Tuvalu Time", "utc_offset": "UTC+12", "created_at": "2021-07-19T15:04:23.018Z", "updated_at": "2021-07-19T15:04:23.018Z", "is_active": true}}, {"model": "ai_staff.timezones", "pk": 181, "fields": {"deleted_at": null, "timezoneid": "ULAST", "name": "Ulaanbaatar Summer Time", "utc_offset": "UTC+09", "created_at": "2021-07-19T15:04:23.032Z", "updated_at": "2021-07-19T15:04:23.032Z", "is_active": true}}, {"model": "ai_staff.timezones", "pk": 182, "fields": {"deleted_at": null, "timezoneid": "ULAT", "name": "Ulaanbaatar Standard Time", "utc_offset": "UTC+08", "created_at": "2021-07-19T15:04:23.035Z", "updated_at": "2021-07-19T15:04:23.035Z", "is_active": true}}, {"model": "ai_staff.timezones", "pk": 183, "fields": {"deleted_at": null, "timezoneid": "UTC", "name": "Coordinated Universal Time", "utc_offset": "UTC±00", "created_at": "2021-07-19T15:04:23.044Z", "updated_at": "2021-07-19T15:04:23.044Z", "is_active": true}}, {"model": "ai_staff.timezones", "pk": 184, "fields": {"deleted_at": null, "timezoneid": "UYST", "name": "Uruguay Summer Time", "utc_offset": "UTC−02", "created_at": "2021-07-19T15:04:23.054Z", "updated_at": "2021-07-19T15:04:23.054Z", "is_active": true}}, {"model": "ai_staff.timezones", "pk": 185, "fields": {"deleted_at": null, "timezoneid": "UYT", "name": "Uruguay Standard Time", "utc_offset": "UTC−03", "created_at": "2021-07-19T15:04:23.057Z", "updated_at": "2021-07-19T15:04:23.057Z", "is_active": true}}, {"model": "ai_staff.timezones", "pk": 186, "fields": {"deleted_at": null, "timezoneid": "UZT", "name": "Uzbekistan Time", "utc_offset": "UTC+05", "created_at": "2021-07-19T15:04:23.066Z", "updated_at": "2021-07-19T15:04:23.066Z", "is_active": true}}, {"model": "ai_staff.timezones", "pk": 187, "fields": {"deleted_at": null, "timezoneid": "VET", "name": "Venezuelan Standard Time", "utc_offset": "UTC−04", "created_at": "2021-07-19T15:04:23.075Z", "updated_at": "2021-07-19T15:04:23.075Z", "is_active": true}}, {"model": "ai_staff.timezones", "pk": 188, "fields": {"deleted_at": null, "timezoneid": "VLAT", "name": "Vladivostok Time", "utc_offset": "UTC+10", "created_at": "2021-07-19T15:04:23.079Z", "updated_at": "2021-07-19T15:04:23.079Z", "is_active": true}}, {"model": "ai_staff.timezones", "pk": 189, "fields": {"deleted_at": null, "timezoneid": "VOLT", "name": "Volgograd Time", "utc_offset": "UTC+04", "created_at": "2021-07-19T15:04:23.087Z", "updated_at": "2021-07-19T15:04:23.087Z", "is_active": true}}, {"model": "ai_staff.timezones", "pk": 190, "fields": {"deleted_at": null, "timezoneid": "VOST", "name": "Vostok Station Time", "utc_offset": "UTC+06", "created_at": "2021-07-19T15:04:23.097Z", "updated_at": "2021-07-19T15:04:23.097Z", "is_active": true}}, {"model": "ai_staff.timezones", "pk": 191, "fields": {"deleted_at": null, "timezoneid": "VUT", "name": "Vanuatu Time", "utc_offset": "UTC+11", "created_at": "2021-07-19T15:04:23.100Z", "updated_at": "2021-07-19T15:04:23.100Z", "is_active": true}}, {"model": "ai_staff.timezones", "pk": 192, "fields": {"deleted_at": null, "timezoneid": "WAKT", "name": "Wake Island Time", "utc_offset": "UTC+12", "created_at": "2021-07-19T15:04:23.108Z", "updated_at": "2021-07-19T15:04:23.108Z", "is_active": true}}, {"model": "ai_staff.timezones", "pk": 193, "fields": {"deleted_at": null, "timezoneid": "WAST", "name": "West Africa Summer Time", "utc_offset": "UTC+02", "created_at": "2021-07-19T15:04:23.117Z", "updated_at": "2021-07-19T15:04:23.117Z", "is_active": true}}, {"model": "ai_staff.timezones", "pk": 194, "fields": {"deleted_at": null, "timezoneid": "WAT", "name": "West Africa Time", "utc_offset": "UTC+01", "created_at": "2021-07-19T15:04:23.124Z", "updated_at": "2021-07-19T15:04:23.124Z", "is_active": true}}, {"model": "ai_staff.timezones", "pk": 195, "fields": {"deleted_at": null, "timezoneid": "WEST", "name": "Western European Summer Time", "utc_offset": "UTC+01", "created_at": "2021-07-19T15:04:23.133Z", "updated_at": "2021-07-19T15:04:23.133Z", "is_active": true}}, {"model": "ai_staff.timezones", "pk": 196, "fields": {"deleted_at": null, "timezoneid": "WET", "name": "Western European Time", "utc_offset": "UTC±00", "created_at": "2021-07-19T15:04:23.141Z", "updated_at": "2021-07-19T15:04:23.141Z", "is_active": true}}, {"model": "ai_staff.timezones", "pk": 197, "fields": {"deleted_at": null, "timezoneid": "WIB", "name": "Western Indonesian Time", "utc_offset": "UTC+07", "created_at": "2021-07-19T15:04:23.144Z", "updated_at": "2021-07-19T15:04:23.144Z", "is_active": true}}, {"model": "ai_staff.timezones", "pk": 198, "fields": {"deleted_at": null, "timezoneid": "WIT", "name": "Eastern Indonesian Time", "utc_offset": "UTC+09", "created_at": "2021-07-19T15:04:23.153Z", "updated_at": "2021-07-19T15:04:23.153Z", "is_active": true}}, {"model": "ai_staff.timezones", "pk": 199, "fields": {"deleted_at": null, "timezoneid": "WITA", "name": "Central Indonesia Time", "utc_offset": "UTC+08", "created_at": "2021-07-19T15:04:23.163Z", "updated_at": "2021-07-19T15:04:23.163Z", "is_active": true}}, {"model": "ai_staff.timezones", "pk": 200, "fields": {"deleted_at": null, "timezoneid": "WGST", "name": "West Greenland Summer Time[14]", "utc_offset": "UTC−02", "created_at": "2021-07-19T15:04:23.166Z", "updated_at": "2021-07-19T15:04:23.166Z", "is_active": true}}, {"model": "ai_staff.timezones", "pk": 201, "fields": {"deleted_at": null, "timezoneid": "WGT", "name": "West Greenland Time[15]", "utc_offset": "UTC−03", "created_at": "2021-07-19T15:04:23.175Z", "updated_at": "2021-07-19T15:04:23.175Z", "is_active": true}}, {"model": "ai_staff.timezones", "pk": 202, "fields": {"deleted_at": null, "timezoneid": "WST", "name": "Western Standard Time", "utc_offset": "UTC+08", "created_at": "2021-07-19T15:04:23.184Z", "updated_at": "2021-07-19T15:04:23.184Z", "is_active": true}}, {"model": "ai_staff.timezones", "pk": 203, "fields": {"deleted_at": null, "timezoneid": "YAKT", "name": "Yakutsk Time", "utc_offset": "UTC+09", "created_at": "2021-07-19T15:04:23.193Z", "updated_at": "2021-07-19T15:04:23.193Z", "is_active": true}}, {"model": "ai_staff.timezones", "pk": 204, "fields": {"deleted_at": null, "timezoneid": "YEKT", "name": "Yekaterinburg Time", "utc_offset": "UTC+05", "created_at": "2021-07-19T15:04:23.202Z", "updated_at": "2021-07-19T15:04:23.202Z", "is_active": true}}]